row ID,row m/z,row retention time,row number of detected peaks,All identity elements,ID,Identification method,Molecular formula,Name,2015_JULY_21_LUBA_NL_1_MRM_TABL_M1_C13L_CYS.CDF peak status,2015_JULY_21_LUBA_NL_1_MRM_TABL_M1_C13L_CYS.CDF peak m/z,2015_JULY_21_LUBA_NL_1_MRM_TABL_M1_C13L_CYS.CDF peak retention time,2015_JULY_21_LUBA_NL_1_MRM_TABL_M1_C13L_CYS.CDF peak height,2015_JULY_21_LUBA_NL_1_MRM_TABL_M1_C13L_CYS.CDF peak area,2015_JULY_21_LUBA_NL_1_MRM_TABL_M1_C13L_CYS.CDF peak charge,2015_JULY_21_LUBA_NL_1_MRM_TABL_M1_C13L_CYS.CDF peak duration time,2015_JULY_21_LUBA_NL_1_MRM_TABL_M1_C13L_ASN.CDF peak status,2015_JULY_21_LUBA_NL_1_MRM_TABL_M1_C13L_ASN.CDF peak m/z,2015_JULY_21_LUBA_NL_1_MRM_TABL_M1_C13L_ASN.CDF peak retention time,2015_JULY_21_LUBA_NL_1_MRM_TABL_M1_C13L_ASN.CDF peak height,2015_JULY_21_LUBA_NL_1_MRM_TABL_M1_C13L_ASN.CDF peak area,2015_JULY_21_LUBA_NL_1_MRM_TABL_M1_C13L_ASN.CDF peak charge,2015_JULY_21_LUBA_NL_1_MRM_TABL_M1_C13L_ASN.CDF peak duration time,2015_JULY_21_LUBA_NL_1_MRM_TABL_M1_C13L_ARG.CDF peak status,2015_JULY_21_LUBA_NL_1_MRM_TABL_M1_C13L_ARG.CDF peak m/z,2015_JULY_21_LUBA_NL_1_MRM_TABL_M1_C13L_ARG.CDF peak retention time,2015_JULY_21_LUBA_NL_1_MRM_TABL_M1_C13L_ARG.CDF peak height,2015_JULY_21_LUBA_NL_1_MRM_TABL_M1_C13L_ARG.CDF peak area,2015_JULY_21_LUBA_NL_1_MRM_TABL_M1_C13L_ARG.CDF peak charge,2015_JULY_21_LUBA_NL_1_MRM_TABL_M1_C13L_ARG.CDF peak duration time,2015_JULY_21_LUBA_NL_1_MRM_TABL_M2_C13L_HIS.CDF peak status,2015_JULY_21_LUBA_NL_1_MRM_TABL_M2_C13L_HIS.CDF peak m/z,2015_JULY_21_LUBA_NL_1_MRM_TABL_M2_C13L_HIS.CDF peak retention time,2015_JULY_21_LUBA_NL_1_MRM_TABL_M2_C13L_HIS.CDF peak height,2015_JULY_21_LUBA_NL_1_MRM_TABL_M2_C13L_HIS.CDF peak area,2015_JULY_21_LUBA_NL_1_MRM_TABL_M2_C13L_HIS.CDF peak charge,2015_JULY_21_LUBA_NL_1_MRM_TABL_M2_C13L_HIS.CDF peak duration time,2015_JULY_21_LUBA_NL_1_MRM_TABL_M2_C13L_GLN.CDF peak status,2015_JULY_21_LUBA_NL_1_MRM_TABL_M2_C13L_GLN.CDF peak m/z,2015_JULY_21_LUBA_NL_1_MRM_TABL_M2_C13L_GLN.CDF peak retention time,2015_JULY_21_LUBA_NL_1_MRM_TABL_M2_C13L_GLN.CDF peak height,2015_JULY_21_LUBA_NL_1_MRM_TABL_M2_C13L_GLN.CDF peak area,2015_JULY_21_LUBA_NL_1_MRM_TABL_M2_C13L_GLN.CDF peak charge,2015_JULY_21_LUBA_NL_1_MRM_TABL_M2_C13L_GLN.CDF peak duration time,2015_JULY_21_LUBA_NL_1_MRM_TABL_M2_C13L_TRP.CDF peak status,2015_JULY_21_LUBA_NL_1_MRM_TABL_M2_C13L_TRP.CDF peak m/z,2015_JULY_21_LUBA_NL_1_MRM_TABL_M2_C13L_TRP.CDF peak retention time,2015_JULY_21_LUBA_NL_1_MRM_TABL_M2_C13L_TRP.CDF peak height,2015_JULY_21_LUBA_NL_1_MRM_TABL_M2_C13L_TRP.CDF peak area,2015_JULY_21_LUBA_NL_1_MRM_TABL_M2_C13L_TRP.CDF peak charge,2015_JULY_21_LUBA_NL_1_MRM_TABL_M2_C13L_TRP.CDF peak duration time,2015_JULY_21_LUBA_NL_1_MRM_TABL_M2_C13L_TYR.CDF peak status,2015_JULY_21_LUBA_NL_1_MRM_TABL_M2_C13L_TYR.CDF peak m/z,2015_JULY_21_LUBA_NL_1_MRM_TABL_M2_C13L_TYR.CDF peak retention time,2015_JULY_21_LUBA_NL_1_MRM_TABL_M2_C13L_TYR.CDF peak height,2015_JULY_21_LUBA_NL_1_MRM_TABL_M2_C13L_TYR.CDF peak area,2015_JULY_21_LUBA_NL_1_MRM_TABL_M2_C13L_TYR.CDF peak charge,2015_JULY_21_LUBA_NL_1_MRM_TABL_M2_C13L_TYR.CDF peak duration time,2015_JULY_21_LUBA_NL_1_MRM_TABL_M3_C13L_GLY.CDF peak status,2015_JULY_21_LUBA_NL_1_MRM_TABL_M3_C13L_GLY.CDF peak m/z,2015_JULY_21_LUBA_NL_1_MRM_TABL_M3_C13L_GLY.CDF peak retention time,2015_JULY_21_LUBA_NL_1_MRM_TABL_M3_C13L_GLY.CDF peak height,2015_JULY_21_LUBA_NL_1_MRM_TABL_M3_C13L_GLY.CDF peak area,2015_JULY_21_LUBA_NL_1_MRM_TABL_M3_C13L_GLY.CDF peak charge,2015_JULY_21_LUBA_NL_1_MRM_TABL_M3_C13L_GLY.CDF peak duration time,2015_JULY_21_LUBA_NL_1_MRM_TABL_M3_C13L_GLU.CDF peak status,2015_JULY_21_LUBA_NL_1_MRM_TABL_M3_C13L_GLU.CDF peak m/z,2015_JULY_21_LUBA_NL_1_MRM_TABL_M3_C13L_GLU.CDF peak retention time,2015_JULY_21_LUBA_NL_1_MRM_TABL_M3_C13L_GLU.CDF peak height,2015_JULY_21_LUBA_NL_1_MRM_TABL_M3_C13L_GLU.CDF peak area,2015_JULY_21_LUBA_NL_1_MRM_TABL_M3_C13L_GLU.CDF peak charge,2015_JULY_21_LUBA_NL_1_MRM_TABL_M3_C13L_GLU.CDF peak duration time,2015_JULY_21_LUBA_NL_1_MRM_TABL_M3_C13L_LYS.CDF peak status,2015_JULY_21_LUBA_NL_1_MRM_TABL_M3_C13L_LYS.CDF peak m/z,2015_JULY_21_LUBA_NL_1_MRM_TABL_M3_C13L_LYS.CDF peak retention time,2015_JULY_21_LUBA_NL_1_MRM_TABL_M3_C13L_LYS.CDF peak height,2015_JULY_21_LUBA_NL_1_MRM_TABL_M3_C13L_LYS.CDF peak area,2015_JULY_21_LUBA_NL_1_MRM_TABL_M3_C13L_LYS.CDF peak charge,2015_JULY_21_LUBA_NL_1_MRM_TABL_M3_C13L_LYS.CDF peak duration time,2015_JULY_21_LUBA_NL_1_MRM_TABL_M3_C13L_PRO.CDF peak status,2015_JULY_21_LUBA_NL_1_MRM_TABL_M3_C13L_PRO.CDF peak m/z,2015_JULY_21_LUBA_NL_1_MRM_TABL_M3_C13L_PRO.CDF peak retention time,2015_JULY_21_LUBA_NL_1_MRM_TABL_M3_C13L_PRO.CDF peak height,2015_JULY_21_LUBA_NL_1_MRM_TABL_M3_C13L_PRO.CDF peak area,2015_JULY_21_LUBA_NL_1_MRM_TABL_M3_C13L_PRO.CDF peak charge,2015_JULY_21_LUBA_NL_1_MRM_TABL_M3_C13L_PRO.CDF peak duration time,2015_JULY_21_LUBA_NL_1_MRM_TABL_M4_C13L_SER.CDF peak status,2015_JULY_21_LUBA_NL_1_MRM_TABL_M4_C13L_SER.CDF peak m/z,2015_JULY_21_LUBA_NL_1_MRM_TABL_M4_C13L_SER.CDF peak retention time,2015_JULY_21_LUBA_NL_1_MRM_TABL_M4_C13L_SER.CDF peak height,2015_JULY_21_LUBA_NL_1_MRM_TABL_M4_C13L_SER.CDF peak area,2015_JULY_21_LUBA_NL_1_MRM_TABL_M4_C13L_SER.CDF peak charge,2015_JULY_21_LUBA_NL_1_MRM_TABL_M4_C13L_SER.CDF peak duration time,2015_JULY_21_LUBA_NL_1_MRM_TABL_M4_C13L_MET.CDF peak status,2015_JULY_21_LUBA_NL_1_MRM_TABL_M4_C13L_MET.CDF peak m/z,2015_JULY_21_LUBA_NL_1_MRM_TABL_M4_C13L_MET.CDF peak retention time,2015_JULY_21_LUBA_NL_1_MRM_TABL_M4_C13L_MET.CDF peak height,2015_JULY_21_LUBA_NL_1_MRM_TABL_M4_C13L_MET.CDF peak area,2015_JULY_21_LUBA_NL_1_MRM_TABL_M4_C13L_MET.CDF peak charge,2015_JULY_21_LUBA_NL_1_MRM_TABL_M4_C13L_MET.CDF peak duration time,2015_JULY_21_LUBA_NL_1_MRM_TABL_M4_C13L_THR.CDF peak status,2015_JULY_21_LUBA_NL_1_MRM_TABL_M4_C13L_THR.CDF peak m/z,2015_JULY_21_LUBA_NL_1_MRM_TABL_M4_C13L_THR.CDF peak retention time,2015_JULY_21_LUBA_NL_1_MRM_TABL_M4_C13L_THR.CDF peak height,2015_JULY_21_LUBA_NL_1_MRM_TABL_M4_C13L_THR.CDF peak area,2015_JULY_21_LUBA_NL_1_MRM_TABL_M4_C13L_THR.CDF peak charge,2015_JULY_21_LUBA_NL_1_MRM_TABL_M4_C13L_THR.CDF peak duration time,2015_JULY_21_LUBA_NL_1_MRM_TABL_M4_C13L_VAL.CDF peak status,2015_JULY_21_LUBA_NL_1_MRM_TABL_M4_C13L_VAL.CDF peak m/z,2015_JULY_21_LUBA_NL_1_MRM_TABL_M4_C13L_VAL.CDF peak retention time,2015_JULY_21_LUBA_NL_1_MRM_TABL_M4_C13L_VAL.CDF peak height,2015_JULY_21_LUBA_NL_1_MRM_TABL_M4_C13L_VAL.CDF peak area,2015_JULY_21_LUBA_NL_1_MRM_TABL_M4_C13L_VAL.CDF peak charge,2015_JULY_21_LUBA_NL_1_MRM_TABL_M4_C13L_VAL.CDF peak duration time,2015_JULY_21_LUBA_NL_1_MRM_TABL_M1_C13L_ALA.CDF peak status,2015_JULY_21_LUBA_NL_1_MRM_TABL_M1_C13L_ALA.CDF peak m/z,2015_JULY_21_LUBA_NL_1_MRM_TABL_M1_C13L_ALA.CDF peak retention time,2015_JULY_21_LUBA_NL_1_MRM_TABL_M1_C13L_ALA.CDF peak height,2015_JULY_21_LUBA_NL_1_MRM_TABL_M1_C13L_ALA.CDF peak area,2015_JULY_21_LUBA_NL_1_MRM_TABL_M1_C13L_ALA.CDF peak charge,2015_JULY_21_LUBA_NL_1_MRM_TABL_M1_C13L_ALA.CDF peak duration time,2015_JULY_21_LUBA_NL_1_MRM_TABL_M1_C13L_PHE.CDF peak status,2015_JULY_21_LUBA_NL_1_MRM_TABL_M1_C13L_PHE.CDF peak m/z,2015_JULY_21_LUBA_NL_1_MRM_TABL_M1_C13L_PHE.CDF peak retention time,2015_JULY_21_LUBA_NL_1_MRM_TABL_M1_C13L_PHE.CDF peak height,2015_JULY_21_LUBA_NL_1_MRM_TABL_M1_C13L_PHE.CDF peak area,2015_JULY_21_LUBA_NL_1_MRM_TABL_M1_C13L_PHE.CDF peak charge,2015_JULY_21_LUBA_NL_1_MRM_TABL_M1_C13L_PHE.CDF peak duration time,2015_JULY_21_LUBA_NL_1_MRM_TABL_M2_C13L_ASP.CDF peak status,2015_JULY_21_LUBA_NL_1_MRM_TABL_M2_C13L_ASP.CDF peak m/z,2015_JULY_21_LUBA_NL_1_MRM_TABL_M2_C13L_ASP.CDF peak retention time,2015_JULY_21_LUBA_NL_1_MRM_TABL_M2_C13L_ASP.CDF peak height,2015_JULY_21_LUBA_NL_1_MRM_TABL_M2_C13L_ASP.CDF peak area,2015_JULY_21_LUBA_NL_1_MRM_TABL_M2_C13L_ASP.CDF peak charge,2015_JULY_21_LUBA_NL_1_MRM_TABL_M2_C13L_ASP.CDF peak duration time,2015_JULY_21_LUBA_NL_1_MRM_TABL_M3_C13L_ILE.CDF peak status,2015_JULY_21_LUBA_NL_1_MRM_TABL_M3_C13L_ILE.CDF peak m/z,2015_JULY_21_LUBA_NL_1_MRM_TABL_M3_C13L_ILE.CDF peak retention time,2015_JULY_21_LUBA_NL_1_MRM_TABL_M3_C13L_ILE.CDF peak height,2015_JULY_21_LUBA_NL_1_MRM_TABL_M3_C13L_ILE.CDF peak area,2015_JULY_21_LUBA_NL_1_MRM_TABL_M3_C13L_ILE.CDF peak charge,2015_JULY_21_LUBA_NL_1_MRM_TABL_M3_C13L_ILE.CDF peak duration time,2015_JULY_21_LUBA_NL_1_MRM_TABL_M4_C13L_LEU.CDF peak status,2015_JULY_21_LUBA_NL_1_MRM_TABL_M4_C13L_LEU.CDF peak m/z,2015_JULY_21_LUBA_NL_1_MRM_TABL_M4_C13L_LEU.CDF peak retention time,2015_JULY_21_LUBA_NL_1_MRM_TABL_M4_C13L_LEU.CDF peak height,2015_JULY_21_LUBA_NL_1_MRM_TABL_M4_C13L_LEU.CDF peak area,2015_JULY_21_LUBA_NL_1_MRM_TABL_M4_C13L_LEU.CDF peak charge,2015_JULY_21_LUBA_NL_1_MRM_TABL_M4_C13L_LEU.CDF peak duration time,
1,580.6400146484375,3.9138998985290527,0,,109,amino_acids.txt,C3H7N1O2S1,CYS-1,MANUAL,580.6400146484375,3.9138998985290527,27396.0,76240.55530786514,0,0.18960022926330566,UNKNOWN,0,0,0,0,0,0,UNKNOWN,0,0,0,0,0,0,UNKNOWN,0,0,0,0,0,0,UNKNOWN,0,0,0,0,0,0,UNKNOWN,0,0,0,0,0,0,UNKNOWN,0,0,0,0,0,0,UNKNOWN,0,0,0,0,0,0,UNKNOWN,0,0,0,0,0,0,UNKNOWN,0,0,0,0,0,0,UNKNOWN,0,0,0,0,0,0,UNKNOWN,0,0,0,0,0,0,UNKNOWN,0,0,0,0,0,0,UNKNOWN,0,0,0,0,0,0,UNKNOWN,0,0,0,0,0,0,UNKNOWN,0,0,0,0,0,0,UNKNOWN,0,0,0,0,0,0,UNKNOWN,0,0,0,0,0,0,UNKNOWN,0,0,0,0,0,0,UNKNOWN,0,0,0,0,0,0,
2,581.6400146484375,3.9069666862487793,0,,21,amino_acids.txt,C3H7N1O2S1,CYS+0,MANUAL,581.6400146484375,3.9069666862487793,12632.0,21527.335181236267,0,0.1217501163482666,UNKNOWN,0,0,0,0,0,0,UNKNOWN,0,0,0,0,0,0,UNKNOWN,0,0,0,0,0,0,UNKNOWN,0,0,0,0,0,0,UNKNOWN,0,0,0,0,0,0,UNKNOWN,0,0,0,0,0,0,UNKNOWN,0,0,0,0,0,0,UNKNOWN,0,0,0,0,0,0,UNKNOWN,0,0,0,0,0,0,UNKNOWN,0,0,0,0,0,0,UNKNOWN,0,0,0,0,0,0,UNKNOWN,0,0,0,0,0,0,UNKNOWN,0,0,0,0,0,0,UNKNOWN,0,0,0,0,0,0,UNKNOWN,0,0,0,0,0,0,UNKNOWN,0,0,0,0,0,0,UNKNOWN,0,0,0,0,0,0,UNKNOWN,0,0,0,0,0,0,UNKNOWN,0,0,0,0,0,0,
3,582.6400146484375,3.9243667125701904,0,,22,amino_acids.txt,C3H7N1O2S1,CYS+1,MANUAL,582.6400146484375,3.9243667125701904,5441.0,9354.357841014862,0,0.11481666564941406,UNKNOWN,0,0,0,0,0,0,UNKNOWN,0,0,0,0,0,0,UNKNOWN,0,0,0,0,0,0,UNKNOWN,0,0,0,0,0,0,UNKNOWN,0,0,0,0,0,0,UNKNOWN,0,0,0,0,0,0,UNKNOWN,0,0,0,0,0,0,UNKNOWN,0,0,0,0,0,0,UNKNOWN,0,0,0,0,0,0,UNKNOWN,0,0,0,0,0,0,UNKNOWN,0,0,0,0,0,0,UNKNOWN,0,0,0,0,0,0,UNKNOWN,0,0,0,0,0,0,UNKNOWN,0,0,0,0,0,0,UNKNOWN,0,0,0,0,0,0,UNKNOWN,0,0,0,0,0,0,UNKNOWN,0,0,0,0,0,0,UNKNOWN,0,0,0,0,0,0,UNKNOWN,0,0,0,0,0,0,
4,583.6400146484375,3.919100046157837,0,,23,amino_acids.txt,C3H7N1O2S1,CYS+2,MANUAL,583.6400146484375,3.919100046157837,1375.0,1754.8583006858826,0,0.06263327598571777,UNKNOWN,0,0,0,0,0,0,UNKNOWN,0,0,0,0,0,0,UNKNOWN,0,0,0,0,0,0,UNKNOWN,0,0,0,0,0,0,UNKNOWN,0,0,0,0,0,0,UNKNOWN,0,0,0,0,0,0,UNKNOWN,0,0,0,0,0,0,UNKNOWN,0,0,0,0,0,0,UNKNOWN,0,0,0,0,0,0,UNKNOWN,0,0,0,0,0,0,UNKNOWN,0,0,0,0,0,0,UNKNOWN,0,0,0,0,0,0,UNKNOWN,0,0,0,0,0,0,UNKNOWN,0,0,0,0,0,0,UNKNOWN,0,0,0,0,0,0,UNKNOWN,0,0,0,0,0,0,UNKNOWN,0,0,0,0,0,0,UNKNOWN,0,0,0,0,0,0,UNKNOWN,0,0,0,0,0,0,
17,345.2099914550781,2.7044665813446045,1,,14,amino_acids.txt,C6H14N4O2,ARG+0,UNKNOWN,0,0,0,0,0,0,UNKNOWN,0,0,0,0,0,0,DETECTED,345.2099914550781,2.7044665813446045,716288.0,2648080.3400444984,0,0.35611677169799805,UNKNOWN,0,0,0,0,0,0,UNKNOWN,0,0,0,0,0,0,UNKNOWN,0,0,0,0,0,0,UNKNOWN,0,0,0,0,0,0,UNKNOWN,0,0,0,0,0,0,UNKNOWN,0,0,0,0,0,0,UNKNOWN,0,0,0,0,0,0,UNKNOWN,0,0,0,0,0,0,UNKNOWN,0,0,0,0,0,0,UNKNOWN,0,0,0,0,0,0,UNKNOWN,0,0,0,0,0,0,UNKNOWN,0,0,0,0,0,0,UNKNOWN,0,0,0,0,0,0,UNKNOWN,0,0,0,0,0,0,UNKNOWN,0,0,0,0,0,0,UNKNOWN,0,0,0,0,0,0,UNKNOWN,0,0,0,0,0,0,
18,346.2099914550781,2.6988332271575928,0,,15,amino_acids.txt,C6H14N4O2,ARG+1,UNKNOWN,0,0,0,0,0,0,UNKNOWN,0,0,0,0,0,0,MANUAL,346.2099914550781,2.6988332271575928,71504.0,223758.39504003525,0,0.20631670951843262,UNKNOWN,0,0,0,0,0,0,UNKNOWN,0,0,0,0,0,0,UNKNOWN,0,0,0,0,0,0,UNKNOWN,0,0,0,0,0,0,UNKNOWN,0,0,0,0,0,0,UNKNOWN,0,0,0,0,0,0,UNKNOWN,0,0,0,0,0,0,UNKNOWN,0,0,0,0,0,0,UNKNOWN,0,0,0,0,0,0,UNKNOWN,0,0,0,0,0,0,UNKNOWN,0,0,0,0,0,0,UNKNOWN,0,0,0,0,0,0,UNKNOWN,0,0,0,0,0,0,UNKNOWN,0,0,0,0,0,0,UNKNOWN,0,0,0,0,0,0,UNKNOWN,0,0,0,0,0,0,UNKNOWN,0,0,0,0,0,0,
19,347.2099914550781,2.6959500312805176,0,,16,amino_acids.txt,C6H14N4O2,ARG+2,UNKNOWN,0,0,0,0,0,0,UNKNOWN,0,0,0,0,0,0,MANUAL,347.2099914550781,2.6959500312805176,8564.0,33723.10727119446,0,0.3702666759490967,UNKNOWN,0,0,0,0,0,0,UNKNOWN,0,0,0,0,0,0,UNKNOWN,0,0,0,0,0,0,UNKNOWN,0,0,0,0,0,0,UNKNOWN,0,0,0,0,0,0,UNKNOWN,0,0,0,0,0,0,UNKNOWN,0,0,0,0,0,0,UNKNOWN,0,0,0,0,0,0,UNKNOWN,0,0,0,0,0,0,UNKNOWN,0,0,0,0,0,0,UNKNOWN,0,0,0,0,0,0,UNKNOWN,0,0,0,0,0,0,UNKNOWN,0,0,0,0,0,0,UNKNOWN,0,0,0,0,0,0,UNKNOWN,0,0,0,0,0,0,UNKNOWN,0,0,0,0,0,0,UNKNOWN,0,0,0,0,0,0,
20,348.2099914550781,2.664916753768921,0,,17,amino_acids.txt,C6H14N4O2,ARG+3,UNKNOWN,0,0,0,0,0,0,UNKNOWN,0,0,0,0,0,0,MANUAL,348.2099914550781,2.664916753768921,1430.0,2140.2918934822083,0,0.0875999927520752,UNKNOWN,0,0,0,0,0,0,UNKNOWN,0,0,0,0,0,0,UNKNOWN,0,0,0,0,0,0,UNKNOWN,0,0,0,0,0,0,UNKNOWN,0,0,0,0,0,0,UNKNOWN,0,0,0,0,0,0,UNKNOWN,0,0,0,0,0,0,UNKNOWN,0,0,0,0,0,0,UNKNOWN,0,0,0,0,0,0,UNKNOWN,0,0,0,0,0,0,UNKNOWN,0,0,0,0,0,0,UNKNOWN,0,0,0,0,0,0,UNKNOWN,0,0,0,0,0,0,UNKNOWN,0,0,0,0,0,0,UNKNOWN,0,0,0,0,0,0,UNKNOWN,0,0,0,0,0,0,UNKNOWN,0,0,0,0,0,0,
21,326.2099914550781,2.4285166263580322,1,,106,amino_acids.txt,C6H9N3O2,HIS+0,UNKNOWN,0,0,0,0,0,0,UNKNOWN,0,0,0,0,0,0,UNKNOWN,0,0,0,0,0,0,DETECTED,326.2099914550781,2.4285166263580322,289408.0,1004434.2814350128,0,0.27721667289733887,UNKNOWN,0,0,0,0,0,0,UNKNOWN,0,0,0,0,0,0,UNKNOWN,0,0,0,0,0,0,UNKNOWN,0,0,0,0,0,0,UNKNOWN,0,0,0,0,0,0,UNKNOWN,0,0,0,0,0,0,UNKNOWN,0,0,0,0,0,0,UNKNOWN,0,0,0,0,0,0,UNKNOWN,0,0,0,0,0,0,UNKNOWN,0,0,0,0,0,0,UNKNOWN,0,0,0,0,0,0,UNKNOWN,0,0,0,0,0,0,UNKNOWN,0,0,0,0,0,0,UNKNOWN,0,0,0,0,0,0,UNKNOWN,0,0,0,0,0,0,UNKNOWN,0,0,0,0,0,0,
22,327.2099914550781,2.4317667484283447,0,,8,amino_acids.txt,C6H9N3O2,HIS+1,UNKNOWN,0,0,0,0,0,0,UNKNOWN,0,0,0,0,0,0,UNKNOWN,0,0,0,0,0,0,MANUAL,327.2099914550781,2.4317667484283447,26520.0,80586.81984901428,0,0.21853327751159668,UNKNOWN,0,0,0,0,0,0,UNKNOWN,0,0,0,0,0,0,UNKNOWN,0,0,0,0,0,0,UNKNOWN,0,0,0,0,0,0,UNKNOWN,0,0,0,0,0,0,UNKNOWN,0,0,0,0,0,0,UNKNOWN,0,0,0,0,0,0,UNKNOWN,0,0,0,0,0,0,UNKNOWN,0,0,0,0,0,0,UNKNOWN,0,0,0,0,0,0,UNKNOWN,0,0,0,0,0,0,UNKNOWN,0,0,0,0,0,0,UNKNOWN,0,0,0,0,0,0,UNKNOWN,0,0,0,0,0,0,UNKNOWN,0,0,0,0,0,0,UNKNOWN,0,0,0,0,0,0,
23,328.2099914550781,2.4285166263580322,0,,9,amino_acids.txt,C6H9N3O2,HIS+2,UNKNOWN,0,0,0,0,0,0,UNKNOWN,0,0,0,0,0,0,UNKNOWN,0,0,0,0,0,0,MANUAL,328.2099914550781,2.4285166263580322,1950.0,4431.105008125305,0,0.08480000495910645,UNKNOWN,0,0,0,0,0,0,UNKNOWN,0,0,0,0,0,0,UNKNOWN,0,0,0,0,0,0,UNKNOWN,0,0,0,0,0,0,UNKNOWN,0,0,0,0,0,0,UNKNOWN,0,0,0,0,0,0,UNKNOWN,0,0,0,0,0,0,UNKNOWN,0,0,0,0,0,0,UNKNOWN,0,0,0,0,0,0,UNKNOWN,0,0,0,0,0,0,UNKNOWN,0,0,0,0,0,0,UNKNOWN,0,0,0,0,0,0,UNKNOWN,0,0,0,0,0,0,UNKNOWN,0,0,0,0,0,0,UNKNOWN,0,0,0,0,0,0,UNKNOWN,0,0,0,0,0,0,
24,331.2099914550781,2.849266767501831,0,,12,amino_acids.txt,C6H9N3O2,HIS+5,UNKNOWN,0,0,0,0,0,0,UNKNOWN,0,0,0,0,0,0,UNKNOWN,0,0,0,0,0,0,MANUAL,331.2099914550781,2.849266767501831,25640.0,66569.25285816193,0,0.1826164722442627,UNKNOWN,0,0,0,0,0,0,UNKNOWN,0,0,0,0,0,0,UNKNOWN,0,0,0,0,0,0,UNKNOWN,0,0,0,0,0,0,UNKNOWN,0,0,0,0,0,0,UNKNOWN,0,0,0,0,0,0,UNKNOWN,0,0,0,0,0,0,UNKNOWN,0,0,0,0,0,0,UNKNOWN,0,0,0,0,0,0,UNKNOWN,0,0,0,0,0,0,UNKNOWN,0,0,0,0,0,0,UNKNOWN,0,0,0,0,0,0,UNKNOWN,0,0,0,0,0,0,UNKNOWN,0,0,0,0,0,0,UNKNOWN,0,0,0,0,0,0,UNKNOWN,0,0,0,0,0,0,
46,351.2099914550781,4.074566841125488,0,,20,amino_acids.txt,C6H14N4O2,ARG+6,UNKNOWN,0,0,0,0,0,0,UNKNOWN,0,0,0,0,0,0,UNKNOWN,0,0,0,0,0,0,UNKNOWN,0,0,0,0,0,0,UNKNOWN,0,0,0,0,0,0,UNKNOWN,0,0,0,0,0,0,MANUAL,351.2099914550781,4.074566841125488,2466.0,3251.977343559265,0,0.09323358535766602,UNKNOWN,0,0,0,0,0,0,UNKNOWN,0,0,0,0,0,0,UNKNOWN,0,0,0,0,0,0,UNKNOWN,0,0,0,0,0,0,UNKNOWN,0,0,0,0,0,0,UNKNOWN,0,0,0,0,0,0,UNKNOWN,0,0,0,0,0,0,UNKNOWN,0,0,0,0,0,0,UNKNOWN,0,0,0,0,0,0,UNKNOWN,0,0,0,0,0,0,UNKNOWN,0,0,0,0,0,0,UNKNOWN,0,0,0,0,0,0,UNKNOWN,0,0,0,0,0,0,
47,352.2099914550781,4.064983367919922,0,,46,amino_acids.txt,C9H11N1O3,TYR+0,UNKNOWN,0,0,0,0,0,0,UNKNOWN,0,0,0,0,0,0,UNKNOWN,0,0,0,0,0,0,UNKNOWN,0,0,0,0,0,0,UNKNOWN,0,0,0,0,0,0,UNKNOWN,0,0,0,0,0,0,MANUAL,352.2099914550781,4.064983367919922,2434048.0,7396355.275526047,0,0.2798497676849365,UNKNOWN,0,0,0,0,0,0,UNKNOWN,0,0,0,0,0,0,UNKNOWN,0,0,0,0,0,0,UNKNOWN,0,0,0,0,0,0,UNKNOWN,0,0,0,0,0,0,UNKNOWN,0,0,0,0,0,0,UNKNOWN,0,0,0,0,0,0,UNKNOWN,0,0,0,0,0,0,UNKNOWN,0,0,0,0,0,0,UNKNOWN,0,0,0,0,0,0,UNKNOWN,0,0,0,0,0,0,UNKNOWN,0,0,0,0,0,0,UNKNOWN,0,0,0,0,0,0,
48,353.2099914550781,4.064983367919922,1,,47,amino_acids.txt,C9H11N1O3,TYR+1,UNKNOWN,0,0,0,0,0,0,UNKNOWN,0,0,0,0,0,0,UNKNOWN,0,0,0,0,0,0,UNKNOWN,0,0,0,0,0,0,UNKNOWN,0,0,0,0,0,0,UNKNOWN,0,0,0,0,0,0,DETECTED,353.2099914550781,4.064983367919922,258240.0,780999.2704296112,0,0.2415332794189453,UNKNOWN,0,0,0,0,0,0,UNKNOWN,0,0,0,0,0,0,UNKNOWN,0,0,0,0,0,0,UNKNOWN,0,0,0,0,0,0,UNKNOWN,0,0,0,0,0,0,UNKNOWN,0,0,0,0,0,0,UNKNOWN,0,0,0,0,0,0,UNKNOWN,0,0,0,0,0,0,UNKNOWN,0,0,0,0,0,0,UNKNOWN,0,0,0,0,0,0,UNKNOWN,0,0,0,0,0,0,UNKNOWN,0,0,0,0,0,0,UNKNOWN,0,0,0,0,0,0,
49,354.2099914550781,4.072183132171631,0,,48,amino_acids.txt,C9H11N1O3,TYR+2,UNKNOWN,0,0,0,0,0,0,UNKNOWN,0,0,0,0,0,0,UNKNOWN,0,0,0,0,0,0,UNKNOWN,0,0,0,0,0,0,UNKNOWN,0,0,0,0,0,0,UNKNOWN,0,0,0,0,0,0,MANUAL,354.2099914550781,4.072183132171631,30252.0,82147.1970462799,0,0.18416643142700195,UNKNOWN,0,0,0,0,0,0,UNKNOWN,0,0,0,0,0,0,UNKNOWN,0,0,0,0,0,0,UNKNOWN,0,0,0,0,0,0,UNKNOWN,0,0,0,0,0,0,UNKNOWN,0,0,0,0,0,0,UNKNOWN,0,0,0,0,0,0,UNKNOWN,0,0,0,0,0,0,UNKNOWN,0,0,0,0,0,0,UNKNOWN,0,0,0,0,0,0,UNKNOWN,0,0,0,0,0,0,UNKNOWN,0,0,0,0,0,0,UNKNOWN,0,0,0,0,0,0,
50,355.2099914550781,4.0697832107543945,0,,49,amino_acids.txt,C9H11N1O3,TYR+3,UNKNOWN,0,0,0,0,0,0,UNKNOWN,0,0,0,0,0,0,UNKNOWN,0,0,0,0,0,0,UNKNOWN,0,0,0,0,0,0,UNKNOWN,0,0,0,0,0,0,UNKNOWN,0,0,0,0,0,0,MANUAL,355.2099914550781,4.0697832107543945,4467.0,4485.845575332642,0,0.12196636199951172,UNKNOWN,0,0,0,0,0,0,UNKNOWN,0,0,0,0,0,0,UNKNOWN,0,0,0,0,0,0,UNKNOWN,0,0,0,0,0,0,UNKNOWN,0,0,0,0,0,0,UNKNOWN,0,0,0,0,0,0,UNKNOWN,0,0,0,0,0,0,UNKNOWN,0,0,0,0,0,0,UNKNOWN,0,0,0,0,0,0,UNKNOWN,0,0,0,0,0,0,UNKNOWN,0,0,0,0,0,0,UNKNOWN,0,0,0,0,0,0,UNKNOWN,0,0,0,0,0,0,
51,359.2099914550781,4.081716537475586,0,,53,amino_acids.txt,C9H11N1O3,TYR+7,UNKNOWN,0,0,0,0,0,0,UNKNOWN,0,0,0,0,0,0,UNKNOWN,0,0,0,0,0,0,UNKNOWN,0,0,0,0,0,0,UNKNOWN,0,0,0,0,0,0,UNKNOWN,0,0,0,0,0,0,MANUAL,359.2099914550781,4.081716537475586,1163.0,1599.7390365600586,0,0.10521650314331055,UNKNOWN,0,0,0,0,0,0,UNKNOWN,0,0,0,0,0,0,UNKNOWN,0,0,0,0,0,0,UNKNOWN,0,0,0,0,0,0,UNKNOWN,0,0,0,0,0,0,UNKNOWN,0,0,0,0,0,0,UNKNOWN,0,0,0,0,0,0,UNKNOWN,0,0,0,0,0,0,UNKNOWN,0,0,0,0,0,0,UNKNOWN,0,0,0,0,0,0,UNKNOWN,0,0,0,0,0,0,UNKNOWN,0,0,0,0,0,0,UNKNOWN,0,0,0,0,0,0,
52,246.0800018310547,2.350916624069214,0,,1,amino_acids.txt,C2H5N1O2,GLY+0,UNKNOWN,0,0,0,0,0,0,UNKNOWN,0,0,0,0,0,0,UNKNOWN,0,0,0,0,0,0,UNKNOWN,0,0,0,0,0,0,UNKNOWN,0,0,0,0,0,0,UNKNOWN,0,0,0,0,0,0,UNKNOWN,0,0,0,0,0,0,MANUAL,246.0800018310547,2.350916624069214,3607552.0,1.7658189688196182E7,0,0.3316001892089844,UNKNOWN,0,0,0,0,0,0,UNKNOWN,0,0,0,0,0,0,UNKNOWN,0,0,0,0,0,0,UNKNOWN,0,0,0,0,0,0,UNKNOWN,0,0,0,0,0,0,UNKNOWN,0,0,0,0,0,0,UNKNOWN,0,0,0,0,0,0,UNKNOWN,0,0,0,0,0,0,UNKNOWN,0,0,0,0,0,0,UNKNOWN,0,0,0,0,0,0,UNKNOWN,0,0,0,0,0,0,UNKNOWN,0,0,0,0,0,0,
53,247.0800018310547,2.3317832946777344,1,,2,amino_acids.txt,C2H5N1O2,GLY+1,UNKNOWN,0,0,0,0,0,0,UNKNOWN,0,0,0,0,0,0,UNKNOWN,0,0,0,0,0,0,UNKNOWN,0,0,0,0,0,0,UNKNOWN,0,0,0,0,0,0,UNKNOWN,0,0,0,0,0,0,UNKNOWN,0,0,0,0,0,0,DETECTED,247.0800018310547,2.3317832946777344,123920.0,560270.2614068985,0,0.24161648750305176,UNKNOWN,0,0,0,0,0,0,UNKNOWN,0,0,0,0,0,0,UNKNOWN,0,0,0,0,0,0,UNKNOWN,0,0,0,0,0,0,UNKNOWN,0,0,0,0,0,0,UNKNOWN,0,0,0,0,0,0,UNKNOWN,0,0,0,0,0,0,UNKNOWN,0,0,0,0,0,0,UNKNOWN,0,0,0,0,0,0,UNKNOWN,0,0,0,0,0,0,UNKNOWN,0,0,0,0,0,0,UNKNOWN,0,0,0,0,0,0,
54,248.0800018310547,2.3317832946777344,0,,3,amino_acids.txt,C2H5N1O2,GLY+2,UNKNOWN,0,0,0,0,0,0,UNKNOWN,0,0,0,0,0,0,UNKNOWN,0,0,0,0,0,0,UNKNOWN,0,0,0,0,0,0,UNKNOWN,0,0,0,0,0,0,UNKNOWN,0,0,0,0,0,0,UNKNOWN,0,0,0,0,0,0,MANUAL,248.0800018310547,2.3317832946777344,23632.0,87030.27440786362,0,0.25223326683044434,UNKNOWN,0,0,0,0,0,0,UNKNOWN,0,0,0,0,0,0,UNKNOWN,0,0,0,0,0,0,UNKNOWN,0,0,0,0,0,0,UNKNOWN,0,0,0,0,0,0,UNKNOWN,0,0,0,0,0,0,UNKNOWN,0,0,0,0,0,0,UNKNOWN,0,0,0,0,0,0,UNKNOWN,0,0,0,0,0,0,UNKNOWN,0,0,0,0,0,0,UNKNOWN,0,0,0,0,0,0,UNKNOWN,0,0,0,0,0,0,
55,318.1099853515625,0.8099499940872192,1,,84,amino_acids.txt,C5H10N2O3,GLU+0,UNKNOWN,0,0,0,0,0,0,UNKNOWN,0,0,0,0,0,0,UNKNOWN,0,0,0,0,0,0,UNKNOWN,0,0,0,0,0,0,UNKNOWN,0,0,0,0,0,0,UNKNOWN,0,0,0,0,0,0,UNKNOWN,0,0,0,0,0,0,UNKNOWN,0,0,0,0,0,0,DETECTED,318.1099853515625,0.8099499940872192,3172352.0,3.5652658089609146E7,0,1.165749967098236,UNKNOWN,0,0,0,0,0,0,UNKNOWN,0,0,0,0,0,0,UNKNOWN,0,0,0,0,0,0,UNKNOWN,0,0,0,0,0,0,UNKNOWN,0,0,0,0,0,0,UNKNOWN,0,0,0,0,0,0,UNKNOWN,0,0,0,0,0,0,UNKNOWN,0,0,0,0,0,0,UNKNOWN,0,0,0,0,0,0,UNKNOWN,0,0,0,0,0,0,UNKNOWN,0,0,0,0,0,0,
56,319.1099853515625,0.802299976348877,0,,85,amino_acids.txt,C5H10N2O3,GLU+1,UNKNOWN,0,0,0,0,0,0,UNKNOWN,0,0,0,0,0,0,UNKNOWN,0,0,0,0,0,0,UNKNOWN,0,0,0,0,0,0,UNKNOWN,0,0,0,0,0,0,UNKNOWN,0,0,0,0,0,0,UNKNOWN,0,0,0,0,0,0,UNKNOWN,0,0,0,0,0,0,MANUAL,319.1099853515625,0.802299976348877,196352.0,2261238.4278273582,0,1.0440000295639038,UNKNOWN,0,0,0,0,0,0,UNKNOWN,0,0,0,0,0,0,UNKNOWN,0,0,0,0,0,0,UNKNOWN,0,0,0,0,0,0,UNKNOWN,0,0,0,0,0,0,UNKNOWN,0,0,0,0,0,0,UNKNOWN,0,0,0,0,0,0,UNKNOWN,0,0,0,0,0,0,UNKNOWN,0,0,0,0,0,0,UNKNOWN,0,0,0,0,0,0,UNKNOWN,0,0,0,0,0,0,
57,320.1099853515625,0.8069166541099548,0,,86,amino_acids.txt,C5H10N2O3,GLU+2,UNKNOWN,0,0,0,0,0,0,UNKNOWN,0,0,0,0,0,0,UNKNOWN,0,0,0,0,0,0,UNKNOWN,0,0,0,0,0,0,UNKNOWN,0,0,0,0,0,0,UNKNOWN,0,0,0,0,0,0,UNKNOWN,0,0,0,0,0,0,UNKNOWN,0,0,0,0,0,0,MANUAL,320.1099853515625,0.8069166541099548,38512.0,436082.4840903282,0,1.4839667081832886,UNKNOWN,0,0,0,0,0,0,UNKNOWN,0,0,0,0,0,0,UNKNOWN,0,0,0,0,0,0,UNKNOWN,0,0,0,0,0,0,UNKNOWN,0,0,0,0,0,0,UNKNOWN,0,0,0,0,0,0,UNKNOWN,0,0,0,0,0,0,UNKNOWN,0,0,0,0,0,0,UNKNOWN,0,0,0,0,0,0,UNKNOWN,0,0,0,0,0,0,UNKNOWN,0,0,0,0,0,0,
58,322.1099853515625,2.027433395385742,0,,88,amino_acids.txt,C5H10N2O3,GLU+4,UNKNOWN,0,0,0,0,0,0,UNKNOWN,0,0,0,0,0,0,UNKNOWN,0,0,0,0,0,0,UNKNOWN,0,0,0,0,0,0,UNKNOWN,0,0,0,0,0,0,UNKNOWN,0,0,0,0,0,0,UNKNOWN,0,0,0,0,0,0,UNKNOWN,0,0,0,0,0,0,MANUAL,322.1099853515625,2.027433395385742,1757.0,9325.195974111557,0,1.501566767692566,UNKNOWN,0,0,0,0,0,0,UNKNOWN,0,0,0,0,0,0,UNKNOWN,0,0,0,0,0,0,UNKNOWN,0,0,0,0,0,0,UNKNOWN,0,0,0,0,0,0,UNKNOWN,0,0,0,0,0,0,UNKNOWN,0,0,0,0,0,0,UNKNOWN,0,0,0,0,0,0,UNKNOWN,0,0,0,0,0,0,UNKNOWN,0,0,0,0,0,0,UNKNOWN,0,0,0,0,0,0,
59,487.2099914550781,5.4078497886657715,0,,25,amino_acids.txt,C6H14N2O2,LYS+0,UNKNOWN,0,0,0,0,0,0,UNKNOWN,0,0,0,0,0,0,UNKNOWN,0,0,0,0,0,0,UNKNOWN,0,0,0,0,0,0,UNKNOWN,0,0,0,0,0,0,UNKNOWN,0,0,0,0,0,0,UNKNOWN,0,0,0,0,0,0,UNKNOWN,0,0,0,0,0,0,UNKNOWN,0,0,0,0,0,0,MANUAL,487.2099914550781,5.4078497886657715,1013760.0,3194390.0043582916,0,0.2608833312988281,UNKNOWN,0,0,0,0,0,0,UNKNOWN,0,0,0,0,0,0,UNKNOWN,0,0,0,0,0,0,UNKNOWN,0,0,0,0,0,0,UNKNOWN,0,0,0,0,0,0,UNKNOWN,0,0,0,0,0,0,UNKNOWN,0,0,0,0,0,0,UNKNOWN,0,0,0,0,0,0,UNKNOWN,0,0,0,0,0,0,UNKNOWN,0,0,0,0,0,0,
60,488.2099914550781,5.404333114624023,0,,26,amino_acids.txt,C6H14N2O2,LYS+1,UNKNOWN,0,0,0,0,0,0,UNKNOWN,0,0,0,0,0,0,UNKNOWN,0,0,0,0,0,0,UNKNOWN,0,0,0,0,0,0,UNKNOWN,0,0,0,0,0,0,UNKNOWN,0,0,0,0,0,0,UNKNOWN,0,0,0,0,0,0,UNKNOWN,0,0,0,0,0,0,UNKNOWN,0,0,0,0,0,0,MANUAL,488.2099914550781,5.404333114624023,185792.0,594528.1482553482,0,0.24696683883666992,UNKNOWN,0,0,0,0,0,0,UNKNOWN,0,0,0,0,0,0,UNKNOWN,0,0,0,0,0,0,UNKNOWN,0,0,0,0,0,0,UNKNOWN,0,0,0,0,0,0,UNKNOWN,0,0,0,0,0,0,UNKNOWN,0,0,0,0,0,0,UNKNOWN,0,0,0,0,0,0,UNKNOWN,0,0,0,0,0,0,UNKNOWN,0,0,0,0,0,0,
61,489.2099914550781,5.411316871643066,0,,27,amino_acids.txt,C6H14N2O2,LYS+2,UNKNOWN,0,0,0,0,0,0,UNKNOWN,0,0,0,0,0,0,UNKNOWN,0,0,0,0,0,0,UNKNOWN,0,0,0,0,0,0,UNKNOWN,0,0,0,0,0,0,UNKNOWN,0,0,0,0,0,0,UNKNOWN,0,0,0,0,0,0,UNKNOWN,0,0,0,0,0,0,UNKNOWN,0,0,0,0,0,0,MANUAL,489.2099914550781,5.411316871643066,26280.0,62580.513310432434,0,0.20171642303466797,UNKNOWN,0,0,0,0,0,0,UNKNOWN,0,0,0,0,0,0,UNKNOWN,0,0,0,0,0,0,UNKNOWN,0,0,0,0,0,0,UNKNOWN,0,0,0,0,0,0,UNKNOWN,0,0,0,0,0,0,UNKNOWN,0,0,0,0,0,0,UNKNOWN,0,0,0,0,0,0,UNKNOWN,0,0,0,0,0,0,UNKNOWN,0,0,0,0,0,0,
62,490.2099914550781,5.404333114624023,0,,28,amino_acids.txt,C6H14N2O2,LYS+3,UNKNOWN,0,0,0,0,0,0,UNKNOWN,0,0,0,0,0,0,UNKNOWN,0,0,0,0,0,0,UNKNOWN,0,0,0,0,0,0,UNKNOWN,0,0,0,0,0,0,UNKNOWN,0,0,0,0,0,0,UNKNOWN,0,0,0,0,0,0,UNKNOWN,0,0,0,0,0,0,UNKNOWN,0,0,0,0,0,0,MANUAL,490.2099914550781,5.404333114624023,1391.0,3175.662775039673,0,0.17386674880981445,UNKNOWN,0,0,0,0,0,0,UNKNOWN,0,0,0,0,0,0,UNKNOWN,0,0,0,0,0,0,UNKNOWN,0,0,0,0,0,0,UNKNOWN,0,0,0,0,0,0,UNKNOWN,0,0,0,0,0,0,UNKNOWN,0,0,0,0,0,0,UNKNOWN,0,0,0,0,0,0,UNKNOWN,0,0,0,0,0,0,UNKNOWN,0,0,0,0,0,0,
63,285.1600036621094,3.2237000465393066,1,,115,amino_acids.txt,C5H9N1O2,PRO-1,UNKNOWN,0,0,0,0,0,0,UNKNOWN,0,0,0,0,0,0,UNKNOWN,0,0,0,0,0,0,UNKNOWN,0,0,0,0,0,0,UNKNOWN,0,0,0,0,0,0,UNKNOWN,0,0,0,0,0,0,UNKNOWN,0,0,0,0,0,0,UNKNOWN,0,0,0,0,0,0,UNKNOWN,0,0,0,0,0,0,UNKNOWN,0,0,0,0,0,0,DETECTED,285.1600036621094,3.2237000465393066,1305.0,351.2353205680847,0,0.018249988555908203,UNKNOWN,0,0,0,0,0,0,UNKNOWN,0,0,0,0,0,0,UNKNOWN,0,0,0,0,0,0,UNKNOWN,0,0,0,0,0,0,UNKNOWN,0,0,0,0,0,0,UNKNOWN,0,0,0,0,0,0,UNKNOWN,0,0,0,0,0,0,UNKNOWN,0,0,0,0,0,0,UNKNOWN,0,0,0,0,0,0,
64,286.1600036621094,3.226733446121216,1,,56,amino_acids.txt,C5H9N1O2,PRO+0,UNKNOWN,0,0,0,0,0,0,UNKNOWN,0,0,0,0,0,0,UNKNOWN,0,0,0,0,0,0,UNKNOWN,0,0,0,0,0,0,UNKNOWN,0,0,0,0,0,0,UNKNOWN,0,0,0,0,0,0,UNKNOWN,0,0,0,0,0,0,UNKNOWN,0,0,0,0,0,0,UNKNOWN,0,0,0,0,0,0,UNKNOWN,0,0,0,0,0,0,DETECTED,286.1600036621094,3.226733446121216,3558400.0,9769436.377630234,0,0.3074500560760498,UNKNOWN,0,0,0,0,0,0,UNKNOWN,0,0,0,0,0,0,UNKNOWN,0,0,0,0,0,0,UNKNOWN,0,0,0,0,0,0,UNKNOWN,0,0,0,0,0,0,UNKNOWN,0,0,0,0,0,0,UNKNOWN,0,0,0,0,0,0,UNKNOWN,0,0,0,0,0,0,UNKNOWN,0,0,0,0,0,0,
65,287.1600036621094,3.228250026702881,0,,57,amino_acids.txt,C5H9N1O2,PRO+1,UNKNOWN,0,0,0,0,0,0,UNKNOWN,0,0,0,0,0,0,UNKNOWN,0,0,0,0,0,0,UNKNOWN,0,0,0,0,0,0,UNKNOWN,0,0,0,0,0,0,UNKNOWN,0,0,0,0,0,0,UNKNOWN,0,0,0,0,0,0,UNKNOWN,0,0,0,0,0,0,UNKNOWN,0,0,0,0,0,0,UNKNOWN,0,0,0,0,0,0,MANUAL,287.1600036621094,3.228250026702881,246912.0,627667.7674484253,0,0.2830665111541748,UNKNOWN,0,0,0,0,0,0,UNKNOWN,0,0,0,0,0,0,UNKNOWN,0,0,0,0,0,0,UNKNOWN,0,0,0,0,0,0,UNKNOWN,0,0,0,0,0,0,UNKNOWN,0,0,0,0,0,0,UNKNOWN,0,0,0,0,0,0,UNKNOWN,0,0,0,0,0,0,UNKNOWN,0,0,0,0,0,0,
66,288.1600036621094,3.2358334064483643,0,,58,amino_acids.txt,C5H9N1O2,PRO+2,UNKNOWN,0,0,0,0,0,0,UNKNOWN,0,0,0,0,0,0,UNKNOWN,0,0,0,0,0,0,UNKNOWN,0,0,0,0,0,0,UNKNOWN,0,0,0,0,0,0,UNKNOWN,0,0,0,0,0,0,UNKNOWN,0,0,0,0,0,0,UNKNOWN,0,0,0,0,0,0,UNKNOWN,0,0,0,0,0,0,UNKNOWN,0,0,0,0,0,0,MANUAL,288.1600036621094,3.2358334064483643,26696.0,57175.86862564087,0,0.18716669082641602,UNKNOWN,0,0,0,0,0,0,UNKNOWN,0,0,0,0,0,0,UNKNOWN,0,0,0,0,0,0,UNKNOWN,0,0,0,0,0,0,UNKNOWN,0,0,0,0,0,0,UNKNOWN,0,0,0,0,0,0,UNKNOWN,0,0,0,0,0,0,UNKNOWN,0,0,0,0,0,0,UNKNOWN,0,0,0,0,0,0,
67,289.1600036621094,3.232800006866455,0,,59,amino_acids.txt,C5H9N1O2,PRO+3,UNKNOWN,0,0,0,0,0,0,UNKNOWN,0,0,0,0,0,0,UNKNOWN,0,0,0,0,0,0,UNKNOWN,0,0,0,0,0,0,UNKNOWN,0,0,0,0,0,0,UNKNOWN,0,0,0,0,0,0,UNKNOWN,0,0,0,0,0,0,UNKNOWN,0,0,0,0,0,0,UNKNOWN,0,0,0,0,0,0,UNKNOWN,0,0,0,0,0,0,MANUAL,289.1600036621094,3.232800006866455,2411.0,3739.026725292206,0,0.2160501480102539,UNKNOWN,0,0,0,0,0,0,UNKNOWN,0,0,0,0,0,0,UNKNOWN,0,0,0,0,0,0,UNKNOWN,0,0,0,0,0,0,UNKNOWN,0,0,0,0,0,0,UNKNOWN,0,0,0,0,0,0,UNKNOWN,0,0,0,0,0,0,UNKNOWN,0,0,0,0,0,0,UNKNOWN,0,0,0,0,0,0,
68,275.1099853515625,2.1304333209991455,0,,116,amino_acids.txt,C3H7N1O3,SER-1,UNKNOWN,0,0,0,0,0,0,UNKNOWN,0,0,0,0,0,0,UNKNOWN,0,0,0,0,0,0,UNKNOWN,0,0,0,0,0,0,UNKNOWN,0,0,0,0,0,0,UNKNOWN,0,0,0,0,0,0,UNKNOWN,0,0,0,0,0,0,UNKNOWN,0,0,0,0,0,0,UNKNOWN,0,0,0,0,0,0,UNKNOWN,0,0,0,0,0,0,UNKNOWN,0,0,0,0,0,0,MANUAL,275.1099853515625,2.1304333209991455,1334.0,1642.1231317520142,0,0.22936677932739258,UNKNOWN,0,0,0,0,0,0,UNKNOWN,0,0,0,0,0,0,UNKNOWN,0,0,0,0,0,0,UNKNOWN,0,0,0,0,0,0,UNKNOWN,0,0,0,0,0,0,UNKNOWN,0,0,0,0,0,0,UNKNOWN,0,0,0,0,0,0,UNKNOWN,0,0,0,0,0,0,
69,276.1099853515625,2.164133310317993,1,,62,amino_acids.txt,C3H7N1O3,SER+0,UNKNOWN,0,0,0,0,0,0,UNKNOWN,0,0,0,0,0,0,UNKNOWN,0,0,0,0,0,0,UNKNOWN,0,0,0,0,0,0,UNKNOWN,0,0,0,0,0,0,UNKNOWN,0,0,0,0,0,0,UNKNOWN,0,0,0,0,0,0,UNKNOWN,0,0,0,0,0,0,UNKNOWN,0,0,0,0,0,0,UNKNOWN,0,0,0,0,0,0,UNKNOWN,0,0,0,0,0,0,DETECTED,276.1099853515625,2.164133310317993,2246656.0,1.141947934672594E7,0,0.3000166416168213,UNKNOWN,0,0,0,0,0,0,UNKNOWN,0,0,0,0,0,0,UNKNOWN,0,0,0,0,0,0,UNKNOWN,0,0,0,0,0,0,UNKNOWN,0,0,0,0,0,0,UNKNOWN,0,0,0,0,0,0,UNKNOWN,0,0,0,0,0,0,UNKNOWN,0,0,0,0,0,0,
70,277.1099853515625,2.168466567993164,0,,63,amino_acids.txt,C3H7N1O3,SER+1,UNKNOWN,0,0,0,0,0,0,UNKNOWN,0,0,0,0,0,0,UNKNOWN,0,0,0,0,0,0,UNKNOWN,0,0,0,0,0,0,UNKNOWN,0,0,0,0,0,0,UNKNOWN,0,0,0,0,0,0,UNKNOWN,0,0,0,0,0,0,UNKNOWN,0,0,0,0,0,0,UNKNOWN,0,0,0,0,0,0,UNKNOWN,0,0,0,0,0,0,UNKNOWN,0,0,0,0,0,0,MANUAL,277.1099853515625,2.168466567993164,111216.0,470387.8897476196,0,0.25874996185302734,UNKNOWN,0,0,0,0,0,0,UNKNOWN,0,0,0,0,0,0,UNKNOWN,0,0,0,0,0,0,UNKNOWN,0,0,0,0,0,0,UNKNOWN,0,0,0,0,0,0,UNKNOWN,0,0,0,0,0,0,UNKNOWN,0,0,0,0,0,0,UNKNOWN,0,0,0,0,0,0,
71,278.1099853515625,2.176116704940796,0,,64,amino_acids.txt,C3H7N1O3,SER+2,UNKNOWN,0,0,0,0,0,0,UNKNOWN,0,0,0,0,0,0,UNKNOWN,0,0,0,0,0,0,UNKNOWN,0,0,0,0,0,0,UNKNOWN,0,0,0,0,0,0,UNKNOWN,0,0,0,0,0,0,UNKNOWN,0,0,0,0,0,0,UNKNOWN,0,0,0,0,0,0,UNKNOWN,0,0,0,0,0,0,UNKNOWN,0,0,0,0,0,0,UNKNOWN,0,0,0,0,0,0,MANUAL,278.1099853515625,2.176116704940796,19012.0,76482.84660100937,0,0.2196333408355713,UNKNOWN,0,0,0,0,0,0,UNKNOWN,0,0,0,0,0,0,UNKNOWN,0,0,0,0,0,0,UNKNOWN,0,0,0,0,0,0,UNKNOWN,0,0,0,0,0,0,UNKNOWN,0,0,0,0,0,0,UNKNOWN,0,0,0,0,0,0,UNKNOWN,0,0,0,0,0,0,
72,279.1099853515625,2.1847832202911377,0,,65,amino_acids.txt,C3H7N1O3,SER+3,UNKNOWN,0,0,0,0,0,0,UNKNOWN,0,0,0,0,0,0,UNKNOWN,0,0,0,0,0,0,UNKNOWN,0,0,0,0,0,0,UNKNOWN,0,0,0,0,0,0,UNKNOWN,0,0,0,0,0,0,UNKNOWN,0,0,0,0,0,0,UNKNOWN,0,0,0,0,0,0,UNKNOWN,0,0,0,0,0,0,UNKNOWN,0,0,0,0,0,0,UNKNOWN,0,0,0,0,0,0,MANUAL,279.1099853515625,2.1847832202911377,1636.0,2997.9977345466614,0,0.20223331451416016,UNKNOWN,0,0,0,0,0,0,UNKNOWN,0,0,0,0,0,0,UNKNOWN,0,0,0,0,0,0,UNKNOWN,0,0,0,0,0,0,UNKNOWN,0,0,0,0,0,0,UNKNOWN,0,0,0,0,0,0,UNKNOWN,0,0,0,0,0,0,UNKNOWN,0,0,0,0,0,0,
73,320.2099914550781,4.659566879272461,1,,78,amino_acids.txt,C5H11N1O2S1,MET+0,UNKNOWN,0,0,0,0,0,0,UNKNOWN,0,0,0,0,0,0,UNKNOWN,0,0,0,0,0,0,UNKNOWN,0,0,0,0,0,0,UNKNOWN,0,0,0,0,0,0,UNKNOWN,0,0,0,0,0,0,UNKNOWN,0,0,0,0,0,0,UNKNOWN,0,0,0,0,0,0,UNKNOWN,0,0,0,0,0,0,UNKNOWN,0,0,0,0,0,0,UNKNOWN,0,0,0,0,0,0,UNKNOWN,0,0,0,0,0,0,DETECTED,320.2099914550781,4.659566879272461,1835264.0,5228390.891418457,0,0.3311500549316406,UNKNOWN,0,0,0,0,0,0,UNKNOWN,0,0,0,0,0,0,UNKNOWN,0,0,0,0,0,0,UNKNOWN,0,0,0,0,0,0,UNKNOWN,0,0,0,0,0,0,UNKNOWN,0,0,0,0,0,0,UNKNOWN,0,0,0,0,0,0,
74,321.2099914550781,4.662600040435791,0,,79,amino_acids.txt,C5H11N1O2S1,MET+1,UNKNOWN,0,0,0,0,0,0,UNKNOWN,0,0,0,0,0,0,UNKNOWN,0,0,0,0,0,0,UNKNOWN,0,0,0,0,0,0,UNKNOWN,0,0,0,0,0,0,UNKNOWN,0,0,0,0,0,0,UNKNOWN,0,0,0,0,0,0,UNKNOWN,0,0,0,0,0,0,UNKNOWN,0,0,0,0,0,0,UNKNOWN,0,0,0,0,0,0,UNKNOWN,0,0,0,0,0,0,UNKNOWN,0,0,0,0,0,0,MANUAL,321.2099914550781,4.662600040435791,148672.0,379646.29584789276,0,0.2443833351135254,UNKNOWN,0,0,0,0,0,0,UNKNOWN,0,0,0,0,0,0,UNKNOWN,0,0,0,0,0,0,UNKNOWN,0,0,0,0,0,0,UNKNOWN,0,0,0,0,0,0,UNKNOWN,0,0,0,0,0,0,UNKNOWN,0,0,0,0,0,0,
75,322.2099914550781,4.659566879272461,0,,80,amino_acids.txt,C5H11N1O2S1,MET+2,UNKNOWN,0,0,0,0,0,0,UNKNOWN,0,0,0,0,0,0,UNKNOWN,0,0,0,0,0,0,UNKNOWN,0,0,0,0,0,0,UNKNOWN,0,0,0,0,0,0,UNKNOWN,0,0,0,0,0,0,UNKNOWN,0,0,0,0,0,0,UNKNOWN,0,0,0,0,0,0,UNKNOWN,0,0,0,0,0,0,UNKNOWN,0,0,0,0,0,0,UNKNOWN,0,0,0,0,0,0,UNKNOWN,0,0,0,0,0,0,MANUAL,322.2099914550781,4.659566879272461,96256.0,264134.7059440613,0,0.2413501739501953,UNKNOWN,0,0,0,0,0,0,UNKNOWN,0,0,0,0,0,0,UNKNOWN,0,0,0,0,0,0,UNKNOWN,0,0,0,0,0,0,UNKNOWN,0,0,0,0,0,0,UNKNOWN,0,0,0,0,0,0,UNKNOWN,0,0,0,0,0,0,
76,323.2099914550781,4.653450012207031,0,,81,amino_acids.txt,C5H11N1O2S1,MET+3,UNKNOWN,0,0,0,0,0,0,UNKNOWN,0,0,0,0,0,0,UNKNOWN,0,0,0,0,0,0,UNKNOWN,0,0,0,0,0,0,UNKNOWN,0,0,0,0,0,0,UNKNOWN,0,0,0,0,0,0,UNKNOWN,0,0,0,0,0,0,UNKNOWN,0,0,0,0,0,0,UNKNOWN,0,0,0,0,0,0,UNKNOWN,0,0,0,0,0,0,UNKNOWN,0,0,0,0,0,0,UNKNOWN,0,0,0,0,0,0,MANUAL,323.2099914550781,4.653450012207031,5108.0,13454.437837600708,0,0.1835336685180664,UNKNOWN,0,0,0,0,0,0,UNKNOWN,0,0,0,0,0,0,UNKNOWN,0,0,0,0,0,0,UNKNOWN,0,0,0,0,0,0,UNKNOWN,0,0,0,0,0,0,UNKNOWN,0,0,0,0,0,0,UNKNOWN,0,0,0,0,0,0,
77,290.1099853515625,2.7873833179473877,0,,73,amino_acids.txt,C4H9N1O3,THR+0,UNKNOWN,0,0,0,0,0,0,UNKNOWN,0,0,0,0,0,0,UNKNOWN,0,0,0,0,0,0,UNKNOWN,0,0,0,0,0,0,UNKNOWN,0,0,0,0,0,0,UNKNOWN,0,0,0,0,0,0,UNKNOWN,0,0,0,0,0,0,UNKNOWN,0,0,0,0,0,0,UNKNOWN,0,0,0,0,0,0,UNKNOWN,0,0,0,0,0,0,UNKNOWN,0,0,0,0,0,0,UNKNOWN,0,0,0,0,0,0,UNKNOWN,0,0,0,0,0,0,MANUAL,290.1099853515625,2.7873833179473877,3961856.0,1.3560623180680275E7,0,0.2517833709716797,UNKNOWN,0,0,0,0,0,0,UNKNOWN,0,0,0,0,0,0,UNKNOWN,0,0,0,0,0,0,UNKNOWN,0,0,0,0,0,0,UNKNOWN,0,0,0,0,0,0,UNKNOWN,0,0,0,0,0,0,
78,291.1099853515625,2.786083221435547,0,,74,amino_acids.txt,C4H9N1O3,THR+1,UNKNOWN,0,0,0,0,0,0,UNKNOWN,0,0,0,0,0,0,UNKNOWN,0,0,0,0,0,0,UNKNOWN,0,0,0,0,0,0,UNKNOWN,0,0,0,0,0,0,UNKNOWN,0,0,0,0,0,0,UNKNOWN,0,0,0,0,0,0,UNKNOWN,0,0,0,0,0,0,UNKNOWN,0,0,0,0,0,0,UNKNOWN,0,0,0,0,0,0,UNKNOWN,0,0,0,0,0,0,UNKNOWN,0,0,0,0,0,0,UNKNOWN,0,0,0,0,0,0,MANUAL,291.1099853515625,2.786083221435547,219392.0,706643.9181447029,0,0.18653345108032227,UNKNOWN,0,0,0,0,0,0,UNKNOWN,0,0,0,0,0,0,UNKNOWN,0,0,0,0,0,0,UNKNOWN,0,0,0,0,0,0,UNKNOWN,0,0,0,0,0,0,UNKNOWN,0,0,0,0,0,0,
79,292.1099853515625,2.793933391571045,0,,75,amino_acids.txt,C4H9N1O3,THR+2,UNKNOWN,0,0,0,0,0,0,UNKNOWN,0,0,0,0,0,0,UNKNOWN,0,0,0,0,0,0,UNKNOWN,0,0,0,0,0,0,UNKNOWN,0,0,0,0,0,0,UNKNOWN,0,0,0,0,0,0,UNKNOWN,0,0,0,0,0,0,UNKNOWN,0,0,0,0,0,0,UNKNOWN,0,0,0,0,0,0,UNKNOWN,0,0,0,0,0,0,UNKNOWN,0,0,0,0,0,0,UNKNOWN,0,0,0,0,0,0,UNKNOWN,0,0,0,0,0,0,MANUAL,292.1099853515625,2.793933391571045,31428.0,97714.64951992035,0,0.19570016860961914,UNKNOWN,0,0,0,0,0,0,UNKNOWN,0,0,0,0,0,0,UNKNOWN,0,0,0,0,0,0,UNKNOWN,0,0,0,0,0,0,UNKNOWN,0,0,0,0,0,0,UNKNOWN,0,0,0,0,0,0,
80,293.1099853515625,2.7769832611083984,0,,76,amino_acids.txt,C4H9N1O3,THR+3,UNKNOWN,0,0,0,0,0,0,UNKNOWN,0,0,0,0,0,0,UNKNOWN,0,0,0,0,0,0,UNKNOWN,0,0,0,0,0,0,UNKNOWN,0,0,0,0,0,0,UNKNOWN,0,0,0,0,0,0,UNKNOWN,0,0,0,0,0,0,UNKNOWN,0,0,0,0,0,0,UNKNOWN,0,0,0,0,0,0,UNKNOWN,0,0,0,0,0,0,UNKNOWN,0,0,0,0,0,0,UNKNOWN,0,0,0,0,0,0,UNKNOWN,0,0,0,0,0,0,MANUAL,293.1099853515625,2.7769832611083984,2678.0,4076.5191221237183,0,0.14483332633972168,UNKNOWN,0,0,0,0,0,0,UNKNOWN,0,0,0,0,0,0,UNKNOWN,0,0,0,0,0,0,UNKNOWN,0,0,0,0,0,0,UNKNOWN,0,0,0,0,0,0,UNKNOWN,0,0,0,0,0,0,
81,287.2099914550781,4.440450191497803,0,,117,amino_acids.txt,C5H11N1O2,VAL-1,UNKNOWN,0,0,0,0,0,0,UNKNOWN,0,0,0,0,0,0,UNKNOWN,0,0,0,0,0,0,UNKNOWN,0,0,0,0,0,0,UNKNOWN,0,0,0,0,0,0,UNKNOWN,0,0,0,0,0,0,UNKNOWN,0,0,0,0,0,0,UNKNOWN,0,0,0,0,0,0,UNKNOWN,0,0,0,0,0,0,UNKNOWN,0,0,0,0,0,0,UNKNOWN,0,0,0,0,0,0,UNKNOWN,0,0,0,0,0,0,UNKNOWN,0,0,0,0,0,0,UNKNOWN,0,0,0,0,0,0,MANUAL,287.2099914550781,4.440450191497803,2606.0,4022.758083343506,0,0.2799501419067383,UNKNOWN,0,0,0,0,0,0,UNKNOWN,0,0,0,0,0,0,UNKNOWN,0,0,0,0,0,0,UNKNOWN,0,0,0,0,0,0,UNKNOWN,0,0,0,0,0,0,
82,288.2099914550781,4.435850143432617,0,,67,amino_acids.txt,C5H11N1O2,VAL+0,UNKNOWN,0,0,0,0,0,0,UNKNOWN,0,0,0,0,0,0,UNKNOWN,0,0,0,0,0,0,UNKNOWN,0,0,0,0,0,0,UNKNOWN,0,0,0,0,0,0,UNKNOWN,0,0,0,0,0,0,UNKNOWN,0,0,0,0,0,0,UNKNOWN,0,0,0,0,0,0,UNKNOWN,0,0,0,0,0,0,UNKNOWN,0,0,0,0,0,0,UNKNOWN,0,0,0,0,0,0,UNKNOWN,0,0,0,0,0,0,UNKNOWN,0,0,0,0,0,0,UNKNOWN,0,0,0,0,0,0,MANUAL,288.2099914550781,4.435850143432617,6162432.0,1.847029291454315E7,0,0.2906336784362793,UNKNOWN,0,0,0,0,0,0,UNKNOWN,0,0,0,0,0,0,UNKNOWN,0,0,0,0,0,0,UNKNOWN,0,0,0,0,0,0,UNKNOWN,0,0,0,0,0,0,
83,289.2099914550781,4.437366485595703,1,,68,amino_acids.txt,C5H11N1O2,VAL+1,UNKNOWN,0,0,0,0,0,0,UNKNOWN,0,0,0,0,0,0,UNKNOWN,0,0,0,0,0,0,UNKNOWN,0,0,0,0,0,0,UNKNOWN,0,0,0,0,0,0,UNKNOWN,0,0,0,0,0,0,UNKNOWN,0,0,0,0,0,0,UNKNOWN,0,0,0,0,0,0,UNKNOWN,0,0,0,0,0,0,UNKNOWN,0,0,0,0,0,0,UNKNOWN,0,0,0,0,0,0,UNKNOWN,0,0,0,0,0,0,UNKNOWN,0,0,0,0,0,0,UNKNOWN,0,0,0,0,0,0,DETECTED,289.2099914550781,4.437366485595703,382848.0,1170232.735133171,0,0.2723665237426758,UNKNOWN,0,0,0,0,0,0,UNKNOWN,0,0,0,0,0,0,UNKNOWN,0,0,0,0,0,0,UNKNOWN,0,0,0,0,0,0,UNKNOWN,0,0,0,0,0,0,
84,290.2099914550781,4.441966533660889,1,,69,amino_acids.txt,C5H11N1O2,VAL+2,UNKNOWN,0,0,0,0,0,0,UNKNOWN,0,0,0,0,0,0,UNKNOWN,0,0,0,0,0,0,UNKNOWN,0,0,0,0,0,0,UNKNOWN,0,0,0,0,0,0,UNKNOWN,0,0,0,0,0,0,UNKNOWN,0,0,0,0,0,0,UNKNOWN,0,0,0,0,0,0,UNKNOWN,0,0,0,0,0,0,UNKNOWN,0,0,0,0,0,0,UNKNOWN,0,0,0,0,0,0,UNKNOWN,0,0,0,0,0,0,UNKNOWN,0,0,0,0,0,0,UNKNOWN,0,0,0,0,0,0,DETECTED,290.2099914550781,4.441966533660889,41520.0,102323.59208106995,0,0.2039170265197754,UNKNOWN,0,0,0,0,0,0,UNKNOWN,0,0,0,0,0,0,UNKNOWN,0,0,0,0,0,0,UNKNOWN,0,0,0,0,0,0,UNKNOWN,0,0,0,0,0,0,
85,291.2099914550781,4.443483352661133,0,,70,amino_acids.txt,C5H11N1O2,VAL+3,UNKNOWN,0,0,0,0,0,0,UNKNOWN,0,0,0,0,0,0,UNKNOWN,0,0,0,0,0,0,UNKNOWN,0,0,0,0,0,0,UNKNOWN,0,0,0,0,0,0,UNKNOWN,0,0,0,0,0,0,UNKNOWN,0,0,0,0,0,0,UNKNOWN,0,0,0,0,0,0,UNKNOWN,0,0,0,0,0,0,UNKNOWN,0,0,0,0,0,0,UNKNOWN,0,0,0,0,0,0,UNKNOWN,0,0,0,0,0,0,UNKNOWN,0,0,0,0,0,0,UNKNOWN,0,0,0,0,0,0,MANUAL,291.2099914550781,4.443483352661133,2854.0,4843.489737510681,0,0.1217498779296875,UNKNOWN,0,0,0,0,0,0,UNKNOWN,0,0,0,0,0,0,UNKNOWN,0,0,0,0,0,0,UNKNOWN,0,0,0,0,0,0,UNKNOWN,0,0,0,0,0,0,
86,259.1700134277344,2.897716760635376,0,,105,amino_acids.txt,C3H7N1O2,ALA-1,UNKNOWN,0,0,0,0,0,0,UNKNOWN,0,0,0,0,0,0,UNKNOWN,0,0,0,0,0,0,UNKNOWN,0,0,0,0,0,0,UNKNOWN,0,0,0,0,0,0,UNKNOWN,0,0,0,0,0,0,UNKNOWN,0,0,0,0,0,0,UNKNOWN,0,0,0,0,0,0,UNKNOWN,0,0,0,0,0,0,UNKNOWN,0,0,0,0,0,0,UNKNOWN,0,0,0,0,0,0,UNKNOWN,0,0,0,0,0,0,UNKNOWN,0,0,0,0,0,0,UNKNOWN,0,0,0,0,0,0,UNKNOWN,0,0,0,0,0,0,MANUAL,259.1700134277344,2.897716760635376,1207.0,1748.3853363990784,0,0.10174989700317383,UNKNOWN,0,0,0,0,0,0,UNKNOWN,0,0,0,0,0,0,UNKNOWN,0,0,0,0,0,0,UNKNOWN,0,0,0,0,0,0,
88,260.1700134277344,2.9118666648864746,0,,4,amino_acids.txt,C3H7N1O2,ALA+0,UNKNOWN,0,0,0,0,0,0,UNKNOWN,0,0,0,0,0,0,UNKNOWN,0,0,0,0,0,0,UNKNOWN,0,0,0,0,0,0,UNKNOWN,0,0,0,0,0,0,UNKNOWN,0,0,0,0,0,0,UNKNOWN,0,0,0,0,0,0,UNKNOWN,0,0,0,0,0,0,UNKNOWN,0,0,0,0,0,0,UNKNOWN,0,0,0,0,0,0,UNKNOWN,0,0,0,0,0,0,UNKNOWN,0,0,0,0,0,0,UNKNOWN,0,0,0,0,0,0,UNKNOWN,0,0,0,0,0,0,UNKNOWN,0,0,0,0,0,0,MANUAL,260.1700134277344,2.9118666648864746,6364160.0,2.329903314885378E7,0,0.3363499641418457,UNKNOWN,0,0,0,0,0,0,UNKNOWN,0,0,0,0,0,0,UNKNOWN,0,0,0,0,0,0,UNKNOWN,0,0,0,0,0,0,
90,261.1700134277344,2.906233310699463,1,,5,amino_acids.txt,C3H7N1O2,ALA+1,UNKNOWN,0,0,0,0,0,0,UNKNOWN,0,0,0,0,0,0,UNKNOWN,0,0,0,0,0,0,UNKNOWN,0,0,0,0,0,0,UNKNOWN,0,0,0,0,0,0,UNKNOWN,0,0,0,0,0,0,UNKNOWN,0,0,0,0,0,0,UNKNOWN,0,0,0,0,0,0,UNKNOWN,0,0,0,0,0,0,UNKNOWN,0,0,0,0,0,0,UNKNOWN,0,0,0,0,0,0,UNKNOWN,0,0,0,0,0,0,UNKNOWN,0,0,0,0,0,0,UNKNOWN,0,0,0,0,0,0,UNKNOWN,0,0,0,0,0,0,DETECTED,261.1700134277344,2.906233310699463,277888.0,1009749.0137314796,0,0.27090001106262207,UNKNOWN,0,0,0,0,0,0,UNKNOWN,0,0,0,0,0,0,UNKNOWN,0,0,0,0,0,0,UNKNOWN,0,0,0,0,0,0,
92,262.1700134277344,2.9147000312805176,0,,6,amino_acids.txt,C3H7N1O2,ALA+2,UNKNOWN,0,0,0,0,0,0,UNKNOWN,0,0,0,0,0,0,UNKNOWN,0,0,0,0,0,0,UNKNOWN,0,0,0,0,0,0,UNKNOWN,0,0,0,0,0,0,UNKNOWN,0,0,0,0,0,0,UNKNOWN,0,0,0,0,0,0,UNKNOWN,0,0,0,0,0,0,UNKNOWN,0,0,0,0,0,0,UNKNOWN,0,0,0,0,0,0,UNKNOWN,0,0,0,0,0,0,UNKNOWN,0,0,0,0,0,0,UNKNOWN,0,0,0,0,0,0,UNKNOWN,0,0,0,0,0,0,UNKNOWN,0,0,0,0,0,0,MANUAL,262.1700134277344,2.9147000312805176,40144.0,124150.78922510147,0,0.2828667163848877,UNKNOWN,0,0,0,0,0,0,UNKNOWN,0,0,0,0,0,0,UNKNOWN,0,0,0,0,0,0,UNKNOWN,0,0,0,0,0,0,
93,263.1700134277344,2.9118666648864746,0,,7,amino_acids.txt,C3H7N1O2,ALA+3,UNKNOWN,0,0,0,0,0,0,UNKNOWN,0,0,0,0,0,0,UNKNOWN,0,0,0,0,0,0,UNKNOWN,0,0,0,0,0,0,UNKNOWN,0,0,0,0,0,0,UNKNOWN,0,0,0,0,0,0,UNKNOWN,0,0,0,0,0,0,UNKNOWN,0,0,0,0,0,0,UNKNOWN,0,0,0,0,0,0,UNKNOWN,0,0,0,0,0,0,UNKNOWN,0,0,0,0,0,0,UNKNOWN,0,0,0,0,0,0,UNKNOWN,0,0,0,0,0,0,UNKNOWN,0,0,0,0,0,0,UNKNOWN,0,0,0,0,0,0,MANUAL,263.1700134277344,2.9118666648864746,1864.0,2905.684998035431,0,0.160416841506958,UNKNOWN,0,0,0,0,0,0,UNKNOWN,0,0,0,0,0,0,UNKNOWN,0,0,0,0,0,0,UNKNOWN,0,0,0,0,0,0,
94,336.2099914550781,5.910433292388916,0,,36,amino_acids.txt,C9H11N1O2,PHE+0,UNKNOWN,0,0,0,0,0,0,UNKNOWN,0,0,0,0,0,0,UNKNOWN,0,0,0,0,0,0,UNKNOWN,0,0,0,0,0,0,UNKNOWN,0,0,0,0,0,0,UNKNOWN,0,0,0,0,0,0,UNKNOWN,0,0,0,0,0,0,UNKNOWN,0,0,0,0,0,0,UNKNOWN,0,0,0,0,0,0,UNKNOWN,0,0,0,0,0,0,UNKNOWN,0,0,0,0,0,0,UNKNOWN,0,0,0,0,0,0,UNKNOWN,0,0,0,0,0,0,UNKNOWN,0,0,0,0,0,0,UNKNOWN,0,0,0,0,0,0,UNKNOWN,0,0,0,0,0,0,MANUAL,336.2099914550781,5.910433292388916,4132864.0,1.3298036731567383E7,0,0.3515334129333496,UNKNOWN,0,0,0,0,0,0,UNKNOWN,0,0,0,0,0,0,UNKNOWN,0,0,0,0,0,0,
95,337.2099914550781,5.915200233459473,1,,37,amino_acids.txt,C9H11N1O2,PHE+1,UNKNOWN,0,0,0,0,0,0,UNKNOWN,0,0,0,0,0,0,UNKNOWN,0,0,0,0,0,0,UNKNOWN,0,0,0,0,0,0,UNKNOWN,0,0,0,0,0,0,UNKNOWN,0,0,0,0,0,0,UNKNOWN,0,0,0,0,0,0,UNKNOWN,0,0,0,0,0,0,UNKNOWN,0,0,0,0,0,0,UNKNOWN,0,0,0,0,0,0,UNKNOWN,0,0,0,0,0,0,UNKNOWN,0,0,0,0,0,0,UNKNOWN,0,0,0,0,0,0,UNKNOWN,0,0,0,0,0,0,UNKNOWN,0,0,0,0,0,0,UNKNOWN,0,0,0,0,0,0,DETECTED,337.2099914550781,5.915200233459473,450496.0,1401744.5771455765,0,0.29653310775756836,UNKNOWN,0,0,0,0,0,0,UNKNOWN,0,0,0,0,0,0,UNKNOWN,0,0,0,0,0,0,
96,338.2099914550781,5.917583465576172,0,,38,amino_acids.txt,C9H11N1O2,PHE+2,UNKNOWN,0,0,0,0,0,0,UNKNOWN,0,0,0,0,0,0,UNKNOWN,0,0,0,0,0,0,UNKNOWN,0,0,0,0,0,0,UNKNOWN,0,0,0,0,0,0,UNKNOWN,0,0,0,0,0,0,UNKNOWN,0,0,0,0,0,0,UNKNOWN,0,0,0,0,0,0,UNKNOWN,0,0,0,0,0,0,UNKNOWN,0,0,0,0,0,0,UNKNOWN,0,0,0,0,0,0,UNKNOWN,0,0,0,0,0,0,UNKNOWN,0,0,0,0,0,0,UNKNOWN,0,0,0,0,0,0,UNKNOWN,0,0,0,0,0,0,UNKNOWN,0,0,0,0,0,0,MANUAL,338.2099914550781,5.917583465576172,45536.0,125006.74296855927,0,0.21998310089111328,UNKNOWN,0,0,0,0,0,0,UNKNOWN,0,0,0,0,0,0,UNKNOWN,0,0,0,0,0,0,
97,339.2099914550781,5.917583465576172,0,,39,amino_acids.txt,C9H11N1O2,PHE+3,UNKNOWN,0,0,0,0,0,0,UNKNOWN,0,0,0,0,0,0,UNKNOWN,0,0,0,0,0,0,UNKNOWN,0,0,0,0,0,0,UNKNOWN,0,0,0,0,0,0,UNKNOWN,0,0,0,0,0,0,UNKNOWN,0,0,0,0,0,0,UNKNOWN,0,0,0,0,0,0,UNKNOWN,0,0,0,0,0,0,UNKNOWN,0,0,0,0,0,0,UNKNOWN,0,0,0,0,0,0,UNKNOWN,0,0,0,0,0,0,UNKNOWN,0,0,0,0,0,0,UNKNOWN,0,0,0,0,0,0,UNKNOWN,0,0,0,0,0,0,UNKNOWN,0,0,0,0,0,0,MANUAL,339.2099914550781,5.917583465576172,4273.0,7598.558850288391,0,0.13631629943847656,UNKNOWN,0,0,0,0,0,0,UNKNOWN,0,0,0,0,0,0,UNKNOWN,0,0,0,0,0,0,
98,342.2099914550781,5.831483364105225,0,,42,amino_acids.txt,C9H11N1O2,PHE+6,UNKNOWN,0,0,0,0,0,0,UNKNOWN,0,0,0,0,0,0,UNKNOWN,0,0,0,0,0,0,UNKNOWN,0,0,0,0,0,0,UNKNOWN,0,0,0,0,0,0,UNKNOWN,0,0,0,0,0,0,UNKNOWN,0,0,0,0,0,0,UNKNOWN,0,0,0,0,0,0,UNKNOWN,0,0,0,0,0,0,UNKNOWN,0,0,0,0,0,0,UNKNOWN,0,0,0,0,0,0,UNKNOWN,0,0,0,0,0,0,UNKNOWN,0,0,0,0,0,0,UNKNOWN,0,0,0,0,0,0,UNKNOWN,0,0,0,0,0,0,UNKNOWN,0,0,0,0,0,0,MANUAL,342.2099914550781,5.831483364105225,4334.0,5906.824407577515,0,0.10526657104492188,UNKNOWN,0,0,0,0,0,0,UNKNOWN,0,0,0,0,0,0,UNKNOWN,0,0,0,0,0,0,
99,343.2099914550781,5.8219499588012695,0,,43,amino_acids.txt,C9H11N1O2,PHE+7,UNKNOWN,0,0,0,0,0,0,UNKNOWN,0,0,0,0,0,0,UNKNOWN,0,0,0,0,0,0,UNKNOWN,0,0,0,0,0,0,UNKNOWN,0,0,0,0,0,0,UNKNOWN,0,0,0,0,0,0,UNKNOWN,0,0,0,0,0,0,UNKNOWN,0,0,0,0,0,0,UNKNOWN,0,0,0,0,0,0,UNKNOWN,0,0,0,0,0,0,UNKNOWN,0,0,0,0,0,0,UNKNOWN,0,0,0,0,0,0,UNKNOWN,0,0,0,0,0,0,UNKNOWN,0,0,0,0,0,0,UNKNOWN,0,0,0,0,0,0,UNKNOWN,0,0,0,0,0,0,MANUAL,343.2099914550781,5.8219499588012695,10648.0,20442.04447746277,0,0.1625833511352539,UNKNOWN,0,0,0,0,0,0,UNKNOWN,0,0,0,0,0,0,UNKNOWN,0,0,0,0,0,0,
100,303.1099853515625,0.7973666787147522,0,,112,amino_acids.txt,C4H7N1O4,ASP-1,UNKNOWN,0,0,0,0,0,0,UNKNOWN,0,0,0,0,0,0,UNKNOWN,0,0,0,0,0,0,UNKNOWN,0,0,0,0,0,0,UNKNOWN,0,0,0,0,0,0,UNKNOWN,0,0,0,0,0,0,UNKNOWN,0,0,0,0,0,0,UNKNOWN,0,0,0,0,0,0,UNKNOWN,0,0,0,0,0,0,UNKNOWN,0,0,0,0,0,0,UNKNOWN,0,0,0,0,0,0,UNKNOWN,0,0,0,0,0,0,UNKNOWN,0,0,0,0,0,0,UNKNOWN,0,0,0,0,0,0,UNKNOWN,0,0,0,0,0,0,UNKNOWN,0,0,0,0,0,0,UNKNOWN,0,0,0,0,0,0,MANUAL,303.1099853515625,0.7973666787147522,1323.0,2810.318012237549,0,0.6287499666213989,UNKNOWN,0,0,0,0,0,0,UNKNOWN,0,0,0,0,0,0,
101,304.1099853515625,0.8012666702270508,0,,111,amino_acids.txt,C4H7N1O4,ASP+0,UNKNOWN,0,0,0,0,0,0,UNKNOWN,0,0,0,0,0,0,UNKNOWN,0,0,0,0,0,0,UNKNOWN,0,0,0,0,0,0,UNKNOWN,0,0,0,0,0,0,UNKNOWN,0,0,0,0,0,0,UNKNOWN,0,0,0,0,0,0,UNKNOWN,0,0,0,0,0,0,UNKNOWN,0,0,0,0,0,0,UNKNOWN,0,0,0,0,0,0,UNKNOWN,0,0,0,0,0,0,UNKNOWN,0,0,0,0,0,0,UNKNOWN,0,0,0,0,0,0,UNKNOWN,0,0,0,0,0,0,UNKNOWN,0,0,0,0,0,0,UNKNOWN,0,0,0,0,0,0,UNKNOWN,0,0,0,0,0,0,MANUAL,304.1099853515625,0.8012666702270508,4462592.0,2.113049428912103E7,0,0.7748333811759949,UNKNOWN,0,0,0,0,0,0,UNKNOWN,0,0,0,0,0,0,
102,305.1099853515625,0.802566647529602,0,,32,amino_acids.txt,C4H7N1O4,ASP+1,UNKNOWN,0,0,0,0,0,0,UNKNOWN,0,0,0,0,0,0,UNKNOWN,0,0,0,0,0,0,UNKNOWN,0,0,0,0,0,0,UNKNOWN,0,0,0,0,0,0,UNKNOWN,0,0,0,0,0,0,UNKNOWN,0,0,0,0,0,0,UNKNOWN,0,0,0,0,0,0,UNKNOWN,0,0,0,0,0,0,UNKNOWN,0,0,0,0,0,0,UNKNOWN,0,0,0,0,0,0,UNKNOWN,0,0,0,0,0,0,UNKNOWN,0,0,0,0,0,0,UNKNOWN,0,0,0,0,0,0,UNKNOWN,0,0,0,0,0,0,UNKNOWN,0,0,0,0,0,0,UNKNOWN,0,0,0,0,0,0,MANUAL,305.1099853515625,0.802566647529602,264256.0,1127377.8424626589,0,0.6835500001907349,UNKNOWN,0,0,0,0,0,0,UNKNOWN,0,0,0,0,0,0,
103,306.1099853515625,0.8012666702270508,0,,33,amino_acids.txt,C4H7N1O4,ASP+2,UNKNOWN,0,0,0,0,0,0,UNKNOWN,0,0,0,0,0,0,UNKNOWN,0,0,0,0,0,0,UNKNOWN,0,0,0,0,0,0,UNKNOWN,0,0,0,0,0,0,UNKNOWN,0,0,0,0,0,0,UNKNOWN,0,0,0,0,0,0,UNKNOWN,0,0,0,0,0,0,UNKNOWN,0,0,0,0,0,0,UNKNOWN,0,0,0,0,0,0,UNKNOWN,0,0,0,0,0,0,UNKNOWN,0,0,0,0,0,0,UNKNOWN,0,0,0,0,0,0,UNKNOWN,0,0,0,0,0,0,UNKNOWN,0,0,0,0,0,0,UNKNOWN,0,0,0,0,0,0,UNKNOWN,0,0,0,0,0,0,MANUAL,306.1099853515625,0.8012666702270508,43136.0,217063.7587916851,0,0.7357166409492493,UNKNOWN,0,0,0,0,0,0,UNKNOWN,0,0,0,0,0,0,
104,307.1099853515625,0.8090833425521851,0,,34,amino_acids.txt,C4H7N1O4,ASP+3,UNKNOWN,0,0,0,0,0,0,UNKNOWN,0,0,0,0,0,0,UNKNOWN,0,0,0,0,0,0,UNKNOWN,0,0,0,0,0,0,UNKNOWN,0,0,0,0,0,0,UNKNOWN,0,0,0,0,0,0,UNKNOWN,0,0,0,0,0,0,UNKNOWN,0,0,0,0,0,0,UNKNOWN,0,0,0,0,0,0,UNKNOWN,0,0,0,0,0,0,UNKNOWN,0,0,0,0,0,0,UNKNOWN,0,0,0,0,0,0,UNKNOWN,0,0,0,0,0,0,UNKNOWN,0,0,0,0,0,0,UNKNOWN,0,0,0,0,0,0,UNKNOWN,0,0,0,0,0,0,UNKNOWN,0,0,0,0,0,0,MANUAL,307.1099853515625,0.8090833425521851,4133.0,9178.493655323982,0,0.5556666254997253,UNKNOWN,0,0,0,0,0,0,UNKNOWN,0,0,0,0,0,0,
