row ID,row m/z,row retention time,row number of detected peaks,All identity elements,ID,Identification method,Molecular formula,Name,2015_JULY_22_LUBA_NL_D5_MRM_TABL_M1_C13L_CYS.CDF peak status,2015_JULY_22_LUBA_NL_D5_MRM_TABL_M1_C13L_CYS.CDF peak m/z,2015_JULY_22_LUBA_NL_D5_MRM_TABL_M1_C13L_CYS.CDF peak retention time,2015_JULY_22_LUBA_NL_D5_MRM_TABL_M1_C13L_CYS.CDF peak height,2015_JULY_22_LUBA_NL_D5_MRM_TABL_M1_C13L_CYS.CDF peak area,2015_JULY_22_LUBA_NL_D5_MRM_TABL_M1_C13L_CYS.CDF peak charge,2015_JULY_22_LUBA_NL_D5_MRM_TABL_M1_C13L_CYS.CDF peak duration time,2015_JULY_22_LUBA_NL_D5_MRM_TABL_M1_C13L_ASN.CDF peak status,2015_JULY_22_LUBA_NL_D5_MRM_TABL_M1_C13L_ASN.CDF peak m/z,2015_JULY_22_LUBA_NL_D5_MRM_TABL_M1_C13L_ASN.CDF peak retention time,2015_JULY_22_LUBA_NL_D5_MRM_TABL_M1_C13L_ASN.CDF peak height,2015_JULY_22_LUBA_NL_D5_MRM_TABL_M1_C13L_ASN.CDF peak area,2015_JULY_22_LUBA_NL_D5_MRM_TABL_M1_C13L_ASN.CDF peak charge,2015_JULY_22_LUBA_NL_D5_MRM_TABL_M1_C13L_ASN.CDF peak duration time,2015_JULY_22_LUBA_NL_D5_MRM_TABL_M1_C13L_ARG.CDF peak status,2015_JULY_22_LUBA_NL_D5_MRM_TABL_M1_C13L_ARG.CDF peak m/z,2015_JULY_22_LUBA_NL_D5_MRM_TABL_M1_C13L_ARG.CDF peak retention time,2015_JULY_22_LUBA_NL_D5_MRM_TABL_M1_C13L_ARG.CDF peak height,2015_JULY_22_LUBA_NL_D5_MRM_TABL_M1_C13L_ARG.CDF peak area,2015_JULY_22_LUBA_NL_D5_MRM_TABL_M1_C13L_ARG.CDF peak charge,2015_JULY_22_LUBA_NL_D5_MRM_TABL_M1_C13L_ARG.CDF peak duration time,2015_JULY_22_LUBA_NL_D5_MRM_TABL_M2_C13L_TRP.CDF peak status,2015_JULY_22_LUBA_NL_D5_MRM_TABL_M2_C13L_TRP.CDF peak m/z,2015_JULY_22_LUBA_NL_D5_MRM_TABL_M2_C13L_TRP.CDF peak retention time,2015_JULY_22_LUBA_NL_D5_MRM_TABL_M2_C13L_TRP.CDF peak height,2015_JULY_22_LUBA_NL_D5_MRM_TABL_M2_C13L_TRP.CDF peak area,2015_JULY_22_LUBA_NL_D5_MRM_TABL_M2_C13L_TRP.CDF peak charge,2015_JULY_22_LUBA_NL_D5_MRM_TABL_M2_C13L_TRP.CDF peak duration time,2015_JULY_22_LUBA_NL_D5_MRM_TABL_M2_C13L_HIS.CDF peak status,2015_JULY_22_LUBA_NL_D5_MRM_TABL_M2_C13L_HIS.CDF peak m/z,2015_JULY_22_LUBA_NL_D5_MRM_TABL_M2_C13L_HIS.CDF peak retention time,2015_JULY_22_LUBA_NL_D5_MRM_TABL_M2_C13L_HIS.CDF peak height,2015_JULY_22_LUBA_NL_D5_MRM_TABL_M2_C13L_HIS.CDF peak area,2015_JULY_22_LUBA_NL_D5_MRM_TABL_M2_C13L_HIS.CDF peak charge,2015_JULY_22_LUBA_NL_D5_MRM_TABL_M2_C13L_HIS.CDF peak duration time,2015_JULY_22_LUBA_NL_D5_MRM_TABL_M2_C13L_GLN.CDF peak status,2015_JULY_22_LUBA_NL_D5_MRM_TABL_M2_C13L_GLN.CDF peak m/z,2015_JULY_22_LUBA_NL_D5_MRM_TABL_M2_C13L_GLN.CDF peak retention time,2015_JULY_22_LUBA_NL_D5_MRM_TABL_M2_C13L_GLN.CDF peak height,2015_JULY_22_LUBA_NL_D5_MRM_TABL_M2_C13L_GLN.CDF peak area,2015_JULY_22_LUBA_NL_D5_MRM_TABL_M2_C13L_GLN.CDF peak charge,2015_JULY_22_LUBA_NL_D5_MRM_TABL_M2_C13L_GLN.CDF peak duration time,2015_JULY_22_LUBA_NL_D5_MRM_TABL_M1_C13L_PHE.CDF peak status,2015_JULY_22_LUBA_NL_D5_MRM_TABL_M1_C13L_PHE.CDF peak m/z,2015_JULY_22_LUBA_NL_D5_MRM_TABL_M1_C13L_PHE.CDF peak retention time,2015_JULY_22_LUBA_NL_D5_MRM_TABL_M1_C13L_PHE.CDF peak height,2015_JULY_22_LUBA_NL_D5_MRM_TABL_M1_C13L_PHE.CDF peak area,2015_JULY_22_LUBA_NL_D5_MRM_TABL_M1_C13L_PHE.CDF peak charge,2015_JULY_22_LUBA_NL_D5_MRM_TABL_M1_C13L_PHE.CDF peak duration time,2015_JULY_22_LUBA_NL_D5_MRM_TABL_M2_C13L_TYR.CDF peak status,2015_JULY_22_LUBA_NL_D5_MRM_TABL_M2_C13L_TYR.CDF peak m/z,2015_JULY_22_LUBA_NL_D5_MRM_TABL_M2_C13L_TYR.CDF peak retention time,2015_JULY_22_LUBA_NL_D5_MRM_TABL_M2_C13L_TYR.CDF peak height,2015_JULY_22_LUBA_NL_D5_MRM_TABL_M2_C13L_TYR.CDF peak area,2015_JULY_22_LUBA_NL_D5_MRM_TABL_M2_C13L_TYR.CDF peak charge,2015_JULY_22_LUBA_NL_D5_MRM_TABL_M2_C13L_TYR.CDF peak duration time,2015_JULY_22_LUBA_NL_D5_MRM_TABL_M3_C13L_GLY.CDF peak status,2015_JULY_22_LUBA_NL_D5_MRM_TABL_M3_C13L_GLY.CDF peak m/z,2015_JULY_22_LUBA_NL_D5_MRM_TABL_M3_C13L_GLY.CDF peak retention time,2015_JULY_22_LUBA_NL_D5_MRM_TABL_M3_C13L_GLY.CDF peak height,2015_JULY_22_LUBA_NL_D5_MRM_TABL_M3_C13L_GLY.CDF peak area,2015_JULY_22_LUBA_NL_D5_MRM_TABL_M3_C13L_GLY.CDF peak charge,2015_JULY_22_LUBA_NL_D5_MRM_TABL_M3_C13L_GLY.CDF peak duration time,2015_JULY_22_LUBA_NL_D5_MRM_TABL_M2_C13L_ASP.CDF peak status,2015_JULY_22_LUBA_NL_D5_MRM_TABL_M2_C13L_ASP.CDF peak m/z,2015_JULY_22_LUBA_NL_D5_MRM_TABL_M2_C13L_ASP.CDF peak retention time,2015_JULY_22_LUBA_NL_D5_MRM_TABL_M2_C13L_ASP.CDF peak height,2015_JULY_22_LUBA_NL_D5_MRM_TABL_M2_C13L_ASP.CDF peak area,2015_JULY_22_LUBA_NL_D5_MRM_TABL_M2_C13L_ASP.CDF peak charge,2015_JULY_22_LUBA_NL_D5_MRM_TABL_M2_C13L_ASP.CDF peak duration time,2015_JULY_22_LUBA_NL_D5_MRM_TABL_M3_C13L_LYS.CDF peak status,2015_JULY_22_LUBA_NL_D5_MRM_TABL_M3_C13L_LYS.CDF peak m/z,2015_JULY_22_LUBA_NL_D5_MRM_TABL_M3_C13L_LYS.CDF peak retention time,2015_JULY_22_LUBA_NL_D5_MRM_TABL_M3_C13L_LYS.CDF peak height,2015_JULY_22_LUBA_NL_D5_MRM_TABL_M3_C13L_LYS.CDF peak area,2015_JULY_22_LUBA_NL_D5_MRM_TABL_M3_C13L_LYS.CDF peak charge,2015_JULY_22_LUBA_NL_D5_MRM_TABL_M3_C13L_LYS.CDF peak duration time,2015_JULY_22_LUBA_NL_D5_MRM_TABL_M3_C13L_PRO.CDF peak status,2015_JULY_22_LUBA_NL_D5_MRM_TABL_M3_C13L_PRO.CDF peak m/z,2015_JULY_22_LUBA_NL_D5_MRM_TABL_M3_C13L_PRO.CDF peak retention time,2015_JULY_22_LUBA_NL_D5_MRM_TABL_M3_C13L_PRO.CDF peak height,2015_JULY_22_LUBA_NL_D5_MRM_TABL_M3_C13L_PRO.CDF peak area,2015_JULY_22_LUBA_NL_D5_MRM_TABL_M3_C13L_PRO.CDF peak charge,2015_JULY_22_LUBA_NL_D5_MRM_TABL_M3_C13L_PRO.CDF peak duration time,2015_JULY_22_LUBA_NL_D5_MRM_TABL_M3_C13L_GLU.CDF peak status,2015_JULY_22_LUBA_NL_D5_MRM_TABL_M3_C13L_GLU.CDF peak m/z,2015_JULY_22_LUBA_NL_D5_MRM_TABL_M3_C13L_GLU.CDF peak retention time,2015_JULY_22_LUBA_NL_D5_MRM_TABL_M3_C13L_GLU.CDF peak height,2015_JULY_22_LUBA_NL_D5_MRM_TABL_M3_C13L_GLU.CDF peak area,2015_JULY_22_LUBA_NL_D5_MRM_TABL_M3_C13L_GLU.CDF peak charge,2015_JULY_22_LUBA_NL_D5_MRM_TABL_M3_C13L_GLU.CDF peak duration time,2015_JULY_22_LUBA_NL_D5_MRM_TABL_M4_C13L_MET.CDF peak status,2015_JULY_22_LUBA_NL_D5_MRM_TABL_M4_C13L_MET.CDF peak m/z,2015_JULY_22_LUBA_NL_D5_MRM_TABL_M4_C13L_MET.CDF peak retention time,2015_JULY_22_LUBA_NL_D5_MRM_TABL_M4_C13L_MET.CDF peak height,2015_JULY_22_LUBA_NL_D5_MRM_TABL_M4_C13L_MET.CDF peak area,2015_JULY_22_LUBA_NL_D5_MRM_TABL_M4_C13L_MET.CDF peak charge,2015_JULY_22_LUBA_NL_D5_MRM_TABL_M4_C13L_MET.CDF peak duration time,2015_JULY_22_LUBA_NL_D5_MRM_TABL_M4_C13L_VAL.CDF peak status,2015_JULY_22_LUBA_NL_D5_MRM_TABL_M4_C13L_VAL.CDF peak m/z,2015_JULY_22_LUBA_NL_D5_MRM_TABL_M4_C13L_VAL.CDF peak retention time,2015_JULY_22_LUBA_NL_D5_MRM_TABL_M4_C13L_VAL.CDF peak height,2015_JULY_22_LUBA_NL_D5_MRM_TABL_M4_C13L_VAL.CDF peak area,2015_JULY_22_LUBA_NL_D5_MRM_TABL_M4_C13L_VAL.CDF peak charge,2015_JULY_22_LUBA_NL_D5_MRM_TABL_M4_C13L_VAL.CDF peak duration time,2015_JULY_22_LUBA_NL_D5_MRM_TABL_M4_C13L_THR.CDF peak status,2015_JULY_22_LUBA_NL_D5_MRM_TABL_M4_C13L_THR.CDF peak m/z,2015_JULY_22_LUBA_NL_D5_MRM_TABL_M4_C13L_THR.CDF peak retention time,2015_JULY_22_LUBA_NL_D5_MRM_TABL_M4_C13L_THR.CDF peak height,2015_JULY_22_LUBA_NL_D5_MRM_TABL_M4_C13L_THR.CDF peak area,2015_JULY_22_LUBA_NL_D5_MRM_TABL_M4_C13L_THR.CDF peak charge,2015_JULY_22_LUBA_NL_D5_MRM_TABL_M4_C13L_THR.CDF peak duration time,2015_JULY_22_LUBA_NL_D5_MRM_TABL_M4_C13L_SER.CDF peak status,2015_JULY_22_LUBA_NL_D5_MRM_TABL_M4_C13L_SER.CDF peak m/z,2015_JULY_22_LUBA_NL_D5_MRM_TABL_M4_C13L_SER.CDF peak retention time,2015_JULY_22_LUBA_NL_D5_MRM_TABL_M4_C13L_SER.CDF peak height,2015_JULY_22_LUBA_NL_D5_MRM_TABL_M4_C13L_SER.CDF peak area,2015_JULY_22_LUBA_NL_D5_MRM_TABL_M4_C13L_SER.CDF peak charge,2015_JULY_22_LUBA_NL_D5_MRM_TABL_M4_C13L_SER.CDF peak duration time,2015_JULY_22_LUBA_NL_D5_MRM_TABL_M1_C13L_ALA.CDF peak status,2015_JULY_22_LUBA_NL_D5_MRM_TABL_M1_C13L_ALA.CDF peak m/z,2015_JULY_22_LUBA_NL_D5_MRM_TABL_M1_C13L_ALA.CDF peak retention time,2015_JULY_22_LUBA_NL_D5_MRM_TABL_M1_C13L_ALA.CDF peak height,2015_JULY_22_LUBA_NL_D5_MRM_TABL_M1_C13L_ALA.CDF peak area,2015_JULY_22_LUBA_NL_D5_MRM_TABL_M1_C13L_ALA.CDF peak charge,2015_JULY_22_LUBA_NL_D5_MRM_TABL_M1_C13L_ALA.CDF peak duration time,
1,580.6400146484375,3.898266553878784,0,,109,amino_acids.txt,C3H7N1O2S1,CYS-1,MANUAL,580.6400146484375,3.898266553878784,10720.0,25970.24014234543,0,0.18610000610351562,UNKNOWN,0,0,0,0,0,0,UNKNOWN,0,0,0,0,0,0,UNKNOWN,0,0,0,0,0,0,UNKNOWN,0,0,0,0,0,0,UNKNOWN,0,0,0,0,0,0,UNKNOWN,0,0,0,0,0,0,UNKNOWN,0,0,0,0,0,0,UNKNOWN,0,0,0,0,0,0,UNKNOWN,0,0,0,0,0,0,UNKNOWN,0,0,0,0,0,0,UNKNOWN,0,0,0,0,0,0,UNKNOWN,0,0,0,0,0,0,UNKNOWN,0,0,0,0,0,0,UNKNOWN,0,0,0,0,0,0,UNKNOWN,0,0,0,0,0,0,UNKNOWN,0,0,0,0,0,0,UNKNOWN,0,0,0,0,0,0,
2,581.6400146484375,3.905250072479248,0,,21,amino_acids.txt,C3H7N1O2S1,CYS+0,MANUAL,581.6400146484375,3.905250072479248,3188.0,6773.213868141174,0,0.09396648406982422,UNKNOWN,0,0,0,0,0,0,UNKNOWN,0,0,0,0,0,0,UNKNOWN,0,0,0,0,0,0,UNKNOWN,0,0,0,0,0,0,UNKNOWN,0,0,0,0,0,0,UNKNOWN,0,0,0,0,0,0,UNKNOWN,0,0,0,0,0,0,UNKNOWN,0,0,0,0,0,0,UNKNOWN,0,0,0,0,0,0,UNKNOWN,0,0,0,0,0,0,UNKNOWN,0,0,0,0,0,0,UNKNOWN,0,0,0,0,0,0,UNKNOWN,0,0,0,0,0,0,UNKNOWN,0,0,0,0,0,0,UNKNOWN,0,0,0,0,0,0,UNKNOWN,0,0,0,0,0,0,UNKNOWN,0,0,0,0,0,0,
3,582.6400146484375,3.9034667015075684,0,,22,amino_acids.txt,C3H7N1O2S1,CYS+1,MANUAL,582.6400146484375,3.9034667015075684,1754.0,2280.2722549438477,0,0.09390020370483398,UNKNOWN,0,0,0,0,0,0,UNKNOWN,0,0,0,0,0,0,UNKNOWN,0,0,0,0,0,0,UNKNOWN,0,0,0,0,0,0,UNKNOWN,0,0,0,0,0,0,UNKNOWN,0,0,0,0,0,0,UNKNOWN,0,0,0,0,0,0,UNKNOWN,0,0,0,0,0,0,UNKNOWN,0,0,0,0,0,0,UNKNOWN,0,0,0,0,0,0,UNKNOWN,0,0,0,0,0,0,UNKNOWN,0,0,0,0,0,0,UNKNOWN,0,0,0,0,0,0,UNKNOWN,0,0,0,0,0,0,UNKNOWN,0,0,0,0,0,0,UNKNOWN,0,0,0,0,0,0,UNKNOWN,0,0,0,0,0,0,
13,345.2099914550781,2.6876332759857178,0,,14,amino_acids.txt,C6H14N4O2,ARG+0,UNKNOWN,0,0,0,0,0,0,UNKNOWN,0,0,0,0,0,0,MANUAL,345.2099914550781,2.6876332759857178,181760.0,903729.3617677689,0,0.2713499069213867,UNKNOWN,0,0,0,0,0,0,UNKNOWN,0,0,0,0,0,0,UNKNOWN,0,0,0,0,0,0,UNKNOWN,0,0,0,0,0,0,UNKNOWN,0,0,0,0,0,0,UNKNOWN,0,0,0,0,0,0,UNKNOWN,0,0,0,0,0,0,UNKNOWN,0,0,0,0,0,0,UNKNOWN,0,0,0,0,0,0,UNKNOWN,0,0,0,0,0,0,UNKNOWN,0,0,0,0,0,0,UNKNOWN,0,0,0,0,0,0,UNKNOWN,0,0,0,0,0,0,UNKNOWN,0,0,0,0,0,0,UNKNOWN,0,0,0,0,0,0,
14,346.2099914550781,2.710233449935913,0,,15,amino_acids.txt,C6H14N4O2,ARG+1,UNKNOWN,0,0,0,0,0,0,UNKNOWN,0,0,0,0,0,0,MANUAL,346.2099914550781,2.710233449935913,16256.0,81300.1995062828,0,0.3250999450683594,UNKNOWN,0,0,0,0,0,0,UNKNOWN,0,0,0,0,0,0,UNKNOWN,0,0,0,0,0,0,UNKNOWN,0,0,0,0,0,0,UNKNOWN,0,0,0,0,0,0,UNKNOWN,0,0,0,0,0,0,UNKNOWN,0,0,0,0,0,0,UNKNOWN,0,0,0,0,0,0,UNKNOWN,0,0,0,0,0,0,UNKNOWN,0,0,0,0,0,0,UNKNOWN,0,0,0,0,0,0,UNKNOWN,0,0,0,0,0,0,UNKNOWN,0,0,0,0,0,0,UNKNOWN,0,0,0,0,0,0,UNKNOWN,0,0,0,0,0,0,
15,347.2099914550781,2.653716564178467,0,,16,amino_acids.txt,C6H14N4O2,ARG+2,UNKNOWN,0,0,0,0,0,0,UNKNOWN,0,0,0,0,0,0,MANUAL,347.2099914550781,2.653716564178467,2907.0,16289.058666229248,0,0.3787999153137207,UNKNOWN,0,0,0,0,0,0,UNKNOWN,0,0,0,0,0,0,UNKNOWN,0,0,0,0,0,0,UNKNOWN,0,0,0,0,0,0,UNKNOWN,0,0,0,0,0,0,UNKNOWN,0,0,0,0,0,0,UNKNOWN,0,0,0,0,0,0,UNKNOWN,0,0,0,0,0,0,UNKNOWN,0,0,0,0,0,0,UNKNOWN,0,0,0,0,0,0,UNKNOWN,0,0,0,0,0,0,UNKNOWN,0,0,0,0,0,0,UNKNOWN,0,0,0,0,0,0,UNKNOWN,0,0,0,0,0,0,UNKNOWN,0,0,0,0,0,0,
19,326.2099914550781,2.4317500591278076,1,,106,amino_acids.txt,C6H9N3O2,HIS+0,UNKNOWN,0,0,0,0,0,0,UNKNOWN,0,0,0,0,0,0,UNKNOWN,0,0,0,0,0,0,UNKNOWN,0,0,0,0,0,0,DETECTED,326.2099914550781,2.4317500591278076,95664.0,431077.94712781906,0,0.23154997825622559,UNKNOWN,0,0,0,0,0,0,UNKNOWN,0,0,0,0,0,0,UNKNOWN,0,0,0,0,0,0,UNKNOWN,0,0,0,0,0,0,UNKNOWN,0,0,0,0,0,0,UNKNOWN,0,0,0,0,0,0,UNKNOWN,0,0,0,0,0,0,UNKNOWN,0,0,0,0,0,0,UNKNOWN,0,0,0,0,0,0,UNKNOWN,0,0,0,0,0,0,UNKNOWN,0,0,0,0,0,0,UNKNOWN,0,0,0,0,0,0,UNKNOWN,0,0,0,0,0,0,
20,327.2099914550781,2.4382500648498535,0,,8,amino_acids.txt,C6H9N3O2,HIS+1,UNKNOWN,0,0,0,0,0,0,UNKNOWN,0,0,0,0,0,0,UNKNOWN,0,0,0,0,0,0,UNKNOWN,0,0,0,0,0,0,MANUAL,327.2099914550781,2.4382500648498535,10032.0,31665.470910072327,0,0.1923832893371582,UNKNOWN,0,0,0,0,0,0,UNKNOWN,0,0,0,0,0,0,UNKNOWN,0,0,0,0,0,0,UNKNOWN,0,0,0,0,0,0,UNKNOWN,0,0,0,0,0,0,UNKNOWN,0,0,0,0,0,0,UNKNOWN,0,0,0,0,0,0,UNKNOWN,0,0,0,0,0,0,UNKNOWN,0,0,0,0,0,0,UNKNOWN,0,0,0,0,0,0,UNKNOWN,0,0,0,0,0,0,UNKNOWN,0,0,0,0,0,0,UNKNOWN,0,0,0,0,0,0,
21,331.2099914550781,2.819833278656006,0,,12,amino_acids.txt,C6H9N3O2,HIS+5,UNKNOWN,0,0,0,0,0,0,UNKNOWN,0,0,0,0,0,0,UNKNOWN,0,0,0,0,0,0,UNKNOWN,0,0,0,0,0,0,MANUAL,331.2099914550781,2.819833278656006,28272.0,100310.46995401382,0,0.19243335723876953,UNKNOWN,0,0,0,0,0,0,UNKNOWN,0,0,0,0,0,0,UNKNOWN,0,0,0,0,0,0,UNKNOWN,0,0,0,0,0,0,UNKNOWN,0,0,0,0,0,0,UNKNOWN,0,0,0,0,0,0,UNKNOWN,0,0,0,0,0,0,UNKNOWN,0,0,0,0,0,0,UNKNOWN,0,0,0,0,0,0,UNKNOWN,0,0,0,0,0,0,UNKNOWN,0,0,0,0,0,0,UNKNOWN,0,0,0,0,0,0,UNKNOWN,0,0,0,0,0,0,
22,332.2099914550781,2.8230834007263184,0,,13,amino_acids.txt,C6H9N3O2,HIS+6,UNKNOWN,0,0,0,0,0,0,UNKNOWN,0,0,0,0,0,0,UNKNOWN,0,0,0,0,0,0,UNKNOWN,0,0,0,0,0,0,MANUAL,332.2099914550781,2.8230834007263184,3258.0,7008.464462757111,0,0.10435009002685547,UNKNOWN,0,0,0,0,0,0,UNKNOWN,0,0,0,0,0,0,UNKNOWN,0,0,0,0,0,0,UNKNOWN,0,0,0,0,0,0,UNKNOWN,0,0,0,0,0,0,UNKNOWN,0,0,0,0,0,0,UNKNOWN,0,0,0,0,0,0,UNKNOWN,0,0,0,0,0,0,UNKNOWN,0,0,0,0,0,0,UNKNOWN,0,0,0,0,0,0,UNKNOWN,0,0,0,0,0,0,UNKNOWN,0,0,0,0,0,0,UNKNOWN,0,0,0,0,0,0,
33,336.2099914550781,5.881733417510986,1,,36,amino_acids.txt,C9H11N1O2,PHE+0,UNKNOWN,0,0,0,0,0,0,UNKNOWN,0,0,0,0,0,0,UNKNOWN,0,0,0,0,0,0,UNKNOWN,0,0,0,0,0,0,UNKNOWN,0,0,0,0,0,0,UNKNOWN,0,0,0,0,0,0,DETECTED,336.2099914550781,5.881733417510986,1229568.0,5369882.286157608,0,0.4017500877380371,UNKNOWN,0,0,0,0,0,0,UNKNOWN,0,0,0,0,0,0,UNKNOWN,0,0,0,0,0,0,UNKNOWN,0,0,0,0,0,0,UNKNOWN,0,0,0,0,0,0,UNKNOWN,0,0,0,0,0,0,UNKNOWN,0,0,0,0,0,0,UNKNOWN,0,0,0,0,0,0,UNKNOWN,0,0,0,0,0,0,UNKNOWN,0,0,0,0,0,0,UNKNOWN,0,0,0,0,0,0,
34,337.2099914550781,5.886499881744385,0,,37,amino_acids.txt,C9H11N1O2,PHE+1,UNKNOWN,0,0,0,0,0,0,UNKNOWN,0,0,0,0,0,0,UNKNOWN,0,0,0,0,0,0,UNKNOWN,0,0,0,0,0,0,UNKNOWN,0,0,0,0,0,0,UNKNOWN,0,0,0,0,0,0,MANUAL,337.2099914550781,5.886499881744385,133248.0,573395.7165813446,0,0.2774167060852051,UNKNOWN,0,0,0,0,0,0,UNKNOWN,0,0,0,0,0,0,UNKNOWN,0,0,0,0,0,0,UNKNOWN,0,0,0,0,0,0,UNKNOWN,0,0,0,0,0,0,UNKNOWN,0,0,0,0,0,0,UNKNOWN,0,0,0,0,0,0,UNKNOWN,0,0,0,0,0,0,UNKNOWN,0,0,0,0,0,0,UNKNOWN,0,0,0,0,0,0,UNKNOWN,0,0,0,0,0,0,
35,338.2099914550781,5.881733417510986,0,,38,amino_acids.txt,C9H11N1O2,PHE+2,UNKNOWN,0,0,0,0,0,0,UNKNOWN,0,0,0,0,0,0,UNKNOWN,0,0,0,0,0,0,UNKNOWN,0,0,0,0,0,0,UNKNOWN,0,0,0,0,0,0,UNKNOWN,0,0,0,0,0,0,MANUAL,338.2099914550781,5.881733417510986,12920.0,44824.28930282593,0,0.1889333724975586,UNKNOWN,0,0,0,0,0,0,UNKNOWN,0,0,0,0,0,0,UNKNOWN,0,0,0,0,0,0,UNKNOWN,0,0,0,0,0,0,UNKNOWN,0,0,0,0,0,0,UNKNOWN,0,0,0,0,0,0,UNKNOWN,0,0,0,0,0,0,UNKNOWN,0,0,0,0,0,0,UNKNOWN,0,0,0,0,0,0,UNKNOWN,0,0,0,0,0,0,UNKNOWN,0,0,0,0,0,0,
36,339.2099914550781,5.888933181762695,0,,39,amino_acids.txt,C9H11N1O2,PHE+3,UNKNOWN,0,0,0,0,0,0,UNKNOWN,0,0,0,0,0,0,UNKNOWN,0,0,0,0,0,0,UNKNOWN,0,0,0,0,0,0,UNKNOWN,0,0,0,0,0,0,UNKNOWN,0,0,0,0,0,0,MANUAL,339.2099914550781,5.888933181762695,1180.0,1447.4317073822021,0,0.12196636199951172,UNKNOWN,0,0,0,0,0,0,UNKNOWN,0,0,0,0,0,0,UNKNOWN,0,0,0,0,0,0,UNKNOWN,0,0,0,0,0,0,UNKNOWN,0,0,0,0,0,0,UNKNOWN,0,0,0,0,0,0,UNKNOWN,0,0,0,0,0,0,UNKNOWN,0,0,0,0,0,0,UNKNOWN,0,0,0,0,0,0,UNKNOWN,0,0,0,0,0,0,UNKNOWN,0,0,0,0,0,0,
37,342.2099914550781,5.824349880218506,0,,42,amino_acids.txt,C9H11N1O2,PHE+6,UNKNOWN,0,0,0,0,0,0,UNKNOWN,0,0,0,0,0,0,UNKNOWN,0,0,0,0,0,0,UNKNOWN,0,0,0,0,0,0,UNKNOWN,0,0,0,0,0,0,UNKNOWN,0,0,0,0,0,0,MANUAL,342.2099914550781,5.824349880218506,6573.0,12297.683143615723,0,0.1483001708984375,UNKNOWN,0,0,0,0,0,0,UNKNOWN,0,0,0,0,0,0,UNKNOWN,0,0,0,0,0,0,UNKNOWN,0,0,0,0,0,0,UNKNOWN,0,0,0,0,0,0,UNKNOWN,0,0,0,0,0,0,UNKNOWN,0,0,0,0,0,0,UNKNOWN,0,0,0,0,0,0,UNKNOWN,0,0,0,0,0,0,UNKNOWN,0,0,0,0,0,0,UNKNOWN,0,0,0,0,0,0,
38,352.2099914550781,4.0386834144592285,1,,46,amino_acids.txt,C9H11N1O3,TYR+0,UNKNOWN,0,0,0,0,0,0,UNKNOWN,0,0,0,0,0,0,UNKNOWN,0,0,0,0,0,0,UNKNOWN,0,0,0,0,0,0,UNKNOWN,0,0,0,0,0,0,UNKNOWN,0,0,0,0,0,0,UNKNOWN,0,0,0,0,0,0,DETECTED,352.2099914550781,4.0386834144592285,935680.0,3555875.539455414,0,0.29650020599365234,UNKNOWN,0,0,0,0,0,0,UNKNOWN,0,0,0,0,0,0,UNKNOWN,0,0,0,0,0,0,UNKNOWN,0,0,0,0,0,0,UNKNOWN,0,0,0,0,0,0,UNKNOWN,0,0,0,0,0,0,UNKNOWN,0,0,0,0,0,0,UNKNOWN,0,0,0,0,0,0,UNKNOWN,0,0,0,0,0,0,UNKNOWN,0,0,0,0,0,0,
39,353.2099914550781,4.050600051879883,1,,47,amino_acids.txt,C9H11N1O3,TYR+1,UNKNOWN,0,0,0,0,0,0,UNKNOWN,0,0,0,0,0,0,UNKNOWN,0,0,0,0,0,0,UNKNOWN,0,0,0,0,0,0,UNKNOWN,0,0,0,0,0,0,UNKNOWN,0,0,0,0,0,0,UNKNOWN,0,0,0,0,0,0,DETECTED,353.2099914550781,4.050600051879883,103136.0,377910.3512406349,0,0.2223665714263916,UNKNOWN,0,0,0,0,0,0,UNKNOWN,0,0,0,0,0,0,UNKNOWN,0,0,0,0,0,0,UNKNOWN,0,0,0,0,0,0,UNKNOWN,0,0,0,0,0,0,UNKNOWN,0,0,0,0,0,0,UNKNOWN,0,0,0,0,0,0,UNKNOWN,0,0,0,0,0,0,UNKNOWN,0,0,0,0,0,0,UNKNOWN,0,0,0,0,0,0,
40,354.2099914550781,4.036300182342529,0,,48,amino_acids.txt,C9H11N1O3,TYR+2,UNKNOWN,0,0,0,0,0,0,UNKNOWN,0,0,0,0,0,0,UNKNOWN,0,0,0,0,0,0,UNKNOWN,0,0,0,0,0,0,UNKNOWN,0,0,0,0,0,0,UNKNOWN,0,0,0,0,0,0,UNKNOWN,0,0,0,0,0,0,MANUAL,354.2099914550781,4.036300182342529,13108.0,37469.18826341629,0,0.20328354835510254,UNKNOWN,0,0,0,0,0,0,UNKNOWN,0,0,0,0,0,0,UNKNOWN,0,0,0,0,0,0,UNKNOWN,0,0,0,0,0,0,UNKNOWN,0,0,0,0,0,0,UNKNOWN,0,0,0,0,0,0,UNKNOWN,0,0,0,0,0,0,UNKNOWN,0,0,0,0,0,0,UNKNOWN,0,0,0,0,0,0,UNKNOWN,0,0,0,0,0,0,
41,246.0800018310547,2.305616617202759,0,,1,amino_acids.txt,C2H5N1O2,GLY+0,UNKNOWN,0,0,0,0,0,0,UNKNOWN,0,0,0,0,0,0,UNKNOWN,0,0,0,0,0,0,UNKNOWN,0,0,0,0,0,0,UNKNOWN,0,0,0,0,0,0,UNKNOWN,0,0,0,0,0,0,UNKNOWN,0,0,0,0,0,0,UNKNOWN,0,0,0,0,0,0,MANUAL,246.0800018310547,2.305616617202759,1813248.0,1.088954357681036E7,0,0.3215334415435791,UNKNOWN,0,0,0,0,0,0,UNKNOWN,0,0,0,0,0,0,UNKNOWN,0,0,0,0,0,0,UNKNOWN,0,0,0,0,0,0,UNKNOWN,0,0,0,0,0,0,UNKNOWN,0,0,0,0,0,0,UNKNOWN,0,0,0,0,0,0,UNKNOWN,0,0,0,0,0,0,UNKNOWN,0,0,0,0,0,0,
42,247.0800018310547,2.298466682434082,0,,2,amino_acids.txt,C2H5N1O2,GLY+1,UNKNOWN,0,0,0,0,0,0,UNKNOWN,0,0,0,0,0,0,UNKNOWN,0,0,0,0,0,0,UNKNOWN,0,0,0,0,0,0,UNKNOWN,0,0,0,0,0,0,UNKNOWN,0,0,0,0,0,0,UNKNOWN,0,0,0,0,0,0,UNKNOWN,0,0,0,0,0,0,MANUAL,247.0800018310547,2.298466682434082,64656.0,336031.61541223526,0,0.28456687927246094,UNKNOWN,0,0,0,0,0,0,UNKNOWN,0,0,0,0,0,0,UNKNOWN,0,0,0,0,0,0,UNKNOWN,0,0,0,0,0,0,UNKNOWN,0,0,0,0,0,0,UNKNOWN,0,0,0,0,0,0,UNKNOWN,0,0,0,0,0,0,UNKNOWN,0,0,0,0,0,0,UNKNOWN,0,0,0,0,0,0,
43,248.0800018310547,2.329566717147827,0,,3,amino_acids.txt,C2H5N1O2,GLY+2,UNKNOWN,0,0,0,0,0,0,UNKNOWN,0,0,0,0,0,0,UNKNOWN,0,0,0,0,0,0,UNKNOWN,0,0,0,0,0,0,UNKNOWN,0,0,0,0,0,0,UNKNOWN,0,0,0,0,0,0,UNKNOWN,0,0,0,0,0,0,UNKNOWN,0,0,0,0,0,0,MANUAL,248.0800018310547,2.329566717147827,13816.0,54729.380707740784,0,0.2008500099182129,UNKNOWN,0,0,0,0,0,0,UNKNOWN,0,0,0,0,0,0,UNKNOWN,0,0,0,0,0,0,UNKNOWN,0,0,0,0,0,0,UNKNOWN,0,0,0,0,0,0,UNKNOWN,0,0,0,0,0,0,UNKNOWN,0,0,0,0,0,0,UNKNOWN,0,0,0,0,0,0,UNKNOWN,0,0,0,0,0,0,
44,304.1099853515625,0.8012999892234802,1,,111,amino_acids.txt,C4H7N1O4,ASP+0,UNKNOWN,0,0,0,0,0,0,UNKNOWN,0,0,0,0,0,0,UNKNOWN,0,0,0,0,0,0,UNKNOWN,0,0,0,0,0,0,UNKNOWN,0,0,0,0,0,0,UNKNOWN,0,0,0,0,0,0,UNKNOWN,0,0,0,0,0,0,UNKNOWN,0,0,0,0,0,0,UNKNOWN,0,0,0,0,0,0,DETECTED,304.1099853515625,0.8012999892234802,1584128.0,8211328.772435188,0,0.7343999743461609,UNKNOWN,0,0,0,0,0,0,UNKNOWN,0,0,0,0,0,0,UNKNOWN,0,0,0,0,0,0,UNKNOWN,0,0,0,0,0,0,UNKNOWN,0,0,0,0,0,0,UNKNOWN,0,0,0,0,0,0,UNKNOWN,0,0,0,0,0,0,UNKNOWN,0,0,0,0,0,0,
45,305.1099853515625,0.7986999750137329,0,,32,amino_acids.txt,C4H7N1O4,ASP+1,UNKNOWN,0,0,0,0,0,0,UNKNOWN,0,0,0,0,0,0,UNKNOWN,0,0,0,0,0,0,UNKNOWN,0,0,0,0,0,0,UNKNOWN,0,0,0,0,0,0,UNKNOWN,0,0,0,0,0,0,UNKNOWN,0,0,0,0,0,0,UNKNOWN,0,0,0,0,0,0,UNKNOWN,0,0,0,0,0,0,MANUAL,305.1099853515625,0.7986999750137329,91712.0,425122.0227456093,0,0.5961334109306335,UNKNOWN,0,0,0,0,0,0,UNKNOWN,0,0,0,0,0,0,UNKNOWN,0,0,0,0,0,0,UNKNOWN,0,0,0,0,0,0,UNKNOWN,0,0,0,0,0,0,UNKNOWN,0,0,0,0,0,0,UNKNOWN,0,0,0,0,0,0,UNKNOWN,0,0,0,0,0,0,
46,306.1099853515625,0.8026000261306763,0,,33,amino_acids.txt,C4H7N1O4,ASP+2,UNKNOWN,0,0,0,0,0,0,UNKNOWN,0,0,0,0,0,0,UNKNOWN,0,0,0,0,0,0,UNKNOWN,0,0,0,0,0,0,UNKNOWN,0,0,0,0,0,0,UNKNOWN,0,0,0,0,0,0,UNKNOWN,0,0,0,0,0,0,UNKNOWN,0,0,0,0,0,0,UNKNOWN,0,0,0,0,0,0,MANUAL,306.1099853515625,0.8026000261306763,22292.0,79488.25039029121,0,0.6874833106994629,UNKNOWN,0,0,0,0,0,0,UNKNOWN,0,0,0,0,0,0,UNKNOWN,0,0,0,0,0,0,UNKNOWN,0,0,0,0,0,0,UNKNOWN,0,0,0,0,0,0,UNKNOWN,0,0,0,0,0,0,UNKNOWN,0,0,0,0,0,0,UNKNOWN,0,0,0,0,0,0,
47,307.1099853515625,1.2161333560943604,0,,34,amino_acids.txt,C4H7N1O4,ASP+3,UNKNOWN,0,0,0,0,0,0,UNKNOWN,0,0,0,0,0,0,UNKNOWN,0,0,0,0,0,0,UNKNOWN,0,0,0,0,0,0,UNKNOWN,0,0,0,0,0,0,UNKNOWN,0,0,0,0,0,0,UNKNOWN,0,0,0,0,0,0,UNKNOWN,0,0,0,0,0,0,UNKNOWN,0,0,0,0,0,0,MANUAL,307.1099853515625,1.2161333560943604,1513.0,2761.315707564354,0,0.5517833232879639,UNKNOWN,0,0,0,0,0,0,UNKNOWN,0,0,0,0,0,0,UNKNOWN,0,0,0,0,0,0,UNKNOWN,0,0,0,0,0,0,UNKNOWN,0,0,0,0,0,0,UNKNOWN,0,0,0,0,0,0,UNKNOWN,0,0,0,0,0,0,UNKNOWN,0,0,0,0,0,0,
48,487.2099914550781,5.4008002281188965,0,,25,amino_acids.txt,C6H14N2O2,LYS+0,UNKNOWN,0,0,0,0,0,0,UNKNOWN,0,0,0,0,0,0,UNKNOWN,0,0,0,0,0,0,UNKNOWN,0,0,0,0,0,0,UNKNOWN,0,0,0,0,0,0,UNKNOWN,0,0,0,0,0,0,UNKNOWN,0,0,0,0,0,0,UNKNOWN,0,0,0,0,0,0,UNKNOWN,0,0,0,0,0,0,UNKNOWN,0,0,0,0,0,0,MANUAL,487.2099914550781,5.4008002281188965,300928.0,1230756.4105510712,0,0.2781500816345215,UNKNOWN,0,0,0,0,0,0,UNKNOWN,0,0,0,0,0,0,UNKNOWN,0,0,0,0,0,0,UNKNOWN,0,0,0,0,0,0,UNKNOWN,0,0,0,0,0,0,UNKNOWN,0,0,0,0,0,0,UNKNOWN,0,0,0,0,0,0,
49,488.2099914550781,5.407800197601318,0,,26,amino_acids.txt,C6H14N2O2,LYS+1,UNKNOWN,0,0,0,0,0,0,UNKNOWN,0,0,0,0,0,0,UNKNOWN,0,0,0,0,0,0,UNKNOWN,0,0,0,0,0,0,UNKNOWN,0,0,0,0,0,0,UNKNOWN,0,0,0,0,0,0,UNKNOWN,0,0,0,0,0,0,UNKNOWN,0,0,0,0,0,0,UNKNOWN,0,0,0,0,0,0,UNKNOWN,0,0,0,0,0,0,MANUAL,488.2099914550781,5.407800197601318,50000.0,217130.91499328613,0,0.2642831802368164,UNKNOWN,0,0,0,0,0,0,UNKNOWN,0,0,0,0,0,0,UNKNOWN,0,0,0,0,0,0,UNKNOWN,0,0,0,0,0,0,UNKNOWN,0,0,0,0,0,0,UNKNOWN,0,0,0,0,0,0,UNKNOWN,0,0,0,0,0,0,
50,489.2099914550781,5.393866539001465,0,,27,amino_acids.txt,C6H14N2O2,LYS+2,UNKNOWN,0,0,0,0,0,0,UNKNOWN,0,0,0,0,0,0,UNKNOWN,0,0,0,0,0,0,UNKNOWN,0,0,0,0,0,0,UNKNOWN,0,0,0,0,0,0,UNKNOWN,0,0,0,0,0,0,UNKNOWN,0,0,0,0,0,0,UNKNOWN,0,0,0,0,0,0,UNKNOWN,0,0,0,0,0,0,UNKNOWN,0,0,0,0,0,0,MANUAL,489.2099914550781,5.393866539001465,7012.0,23354.42400455475,0,0.14610004425048828,UNKNOWN,0,0,0,0,0,0,UNKNOWN,0,0,0,0,0,0,UNKNOWN,0,0,0,0,0,0,UNKNOWN,0,0,0,0,0,0,UNKNOWN,0,0,0,0,0,0,UNKNOWN,0,0,0,0,0,0,UNKNOWN,0,0,0,0,0,0,
51,286.1600036621094,3.2206499576568604,1,,56,amino_acids.txt,C5H9N1O2,PRO+0,UNKNOWN,0,0,0,0,0,0,UNKNOWN,0,0,0,0,0,0,UNKNOWN,0,0,0,0,0,0,UNKNOWN,0,0,0,0,0,0,UNKNOWN,0,0,0,0,0,0,UNKNOWN,0,0,0,0,0,0,UNKNOWN,0,0,0,0,0,0,UNKNOWN,0,0,0,0,0,0,UNKNOWN,0,0,0,0,0,0,UNKNOWN,0,0,0,0,0,0,UNKNOWN,0,0,0,0,0,0,DETECTED,286.1600036621094,3.2206499576568604,892672.0,2862195.817229748,0,0.29528355598449707,UNKNOWN,0,0,0,0,0,0,UNKNOWN,0,0,0,0,0,0,UNKNOWN,0,0,0,0,0,0,UNKNOWN,0,0,0,0,0,0,UNKNOWN,0,0,0,0,0,0,UNKNOWN,0,0,0,0,0,0,
52,287.1600036621094,3.217583417892456,0,,57,amino_acids.txt,C5H9N1O2,PRO+1,UNKNOWN,0,0,0,0,0,0,UNKNOWN,0,0,0,0,0,0,UNKNOWN,0,0,0,0,0,0,UNKNOWN,0,0,0,0,0,0,UNKNOWN,0,0,0,0,0,0,UNKNOWN,0,0,0,0,0,0,UNKNOWN,0,0,0,0,0,0,UNKNOWN,0,0,0,0,0,0,UNKNOWN,0,0,0,0,0,0,UNKNOWN,0,0,0,0,0,0,UNKNOWN,0,0,0,0,0,0,MANUAL,287.1600036621094,3.217583417892456,64320.0,184244.70550060272,0,0.25265002250671387,UNKNOWN,0,0,0,0,0,0,UNKNOWN,0,0,0,0,0,0,UNKNOWN,0,0,0,0,0,0,UNKNOWN,0,0,0,0,0,0,UNKNOWN,0,0,0,0,0,0,UNKNOWN,0,0,0,0,0,0,
53,288.1600036621094,3.37280011177063,0,,58,amino_acids.txt,C5H9N1O2,PRO+2,UNKNOWN,0,0,0,0,0,0,UNKNOWN,0,0,0,0,0,0,UNKNOWN,0,0,0,0,0,0,UNKNOWN,0,0,0,0,0,0,UNKNOWN,0,0,0,0,0,0,UNKNOWN,0,0,0,0,0,0,UNKNOWN,0,0,0,0,0,0,UNKNOWN,0,0,0,0,0,0,UNKNOWN,0,0,0,0,0,0,UNKNOWN,0,0,0,0,0,0,UNKNOWN,0,0,0,0,0,0,MANUAL,288.1600036621094,3.37280011177063,8428.0,33984.14234876633,0,0.27090001106262207,UNKNOWN,0,0,0,0,0,0,UNKNOWN,0,0,0,0,0,0,UNKNOWN,0,0,0,0,0,0,UNKNOWN,0,0,0,0,0,0,UNKNOWN,0,0,0,0,0,0,UNKNOWN,0,0,0,0,0,0,
54,317.1099853515625,2.271250009536743,0,,120,amino_acids.txt,C5H10N2O3,GLU-1,UNKNOWN,0,0,0,0,0,0,UNKNOWN,0,0,0,0,0,0,UNKNOWN,0,0,0,0,0,0,UNKNOWN,0,0,0,0,0,0,UNKNOWN,0,0,0,0,0,0,UNKNOWN,0,0,0,0,0,0,UNKNOWN,0,0,0,0,0,0,UNKNOWN,0,0,0,0,0,0,UNKNOWN,0,0,0,0,0,0,UNKNOWN,0,0,0,0,0,0,UNKNOWN,0,0,0,0,0,0,UNKNOWN,0,0,0,0,0,0,MANUAL,317.1099853515625,2.271250009536743,7235.0,24850.613812208176,0,0.6363500356674194,UNKNOWN,0,0,0,0,0,0,UNKNOWN,0,0,0,0,0,0,UNKNOWN,0,0,0,0,0,0,UNKNOWN,0,0,0,0,0,0,UNKNOWN,0,0,0,0,0,0,
55,318.1099853515625,0.8008833527565002,1,,84,amino_acids.txt,C5H10N2O3,GLU+0,UNKNOWN,0,0,0,0,0,0,UNKNOWN,0,0,0,0,0,0,UNKNOWN,0,0,0,0,0,0,UNKNOWN,0,0,0,0,0,0,UNKNOWN,0,0,0,0,0,0,UNKNOWN,0,0,0,0,0,0,UNKNOWN,0,0,0,0,0,0,UNKNOWN,0,0,0,0,0,0,UNKNOWN,0,0,0,0,0,0,UNKNOWN,0,0,0,0,0,0,UNKNOWN,0,0,0,0,0,0,UNKNOWN,0,0,0,0,0,0,DETECTED,318.1099853515625,0.8008833527565002,1325312.0,1.386080665024817E7,0,0.9359999299049377,UNKNOWN,0,0,0,0,0,0,UNKNOWN,0,0,0,0,0,0,UNKNOWN,0,0,0,0,0,0,UNKNOWN,0,0,0,0,0,0,UNKNOWN,0,0,0,0,0,0,
56,319.1099853515625,1.38836669921875,0,,85,amino_acids.txt,C5H10N2O3,GLU+1,UNKNOWN,0,0,0,0,0,0,UNKNOWN,0,0,0,0,0,0,UNKNOWN,0,0,0,0,0,0,UNKNOWN,0,0,0,0,0,0,UNKNOWN,0,0,0,0,0,0,UNKNOWN,0,0,0,0,0,0,UNKNOWN,0,0,0,0,0,0,UNKNOWN,0,0,0,0,0,0,UNKNOWN,0,0,0,0,0,0,UNKNOWN,0,0,0,0,0,0,UNKNOWN,0,0,0,0,0,0,UNKNOWN,0,0,0,0,0,0,MANUAL,319.1099853515625,1.38836669921875,95504.0,875901.8503189087,0,0.8797000050544739,UNKNOWN,0,0,0,0,0,0,UNKNOWN,0,0,0,0,0,0,UNKNOWN,0,0,0,0,0,0,UNKNOWN,0,0,0,0,0,0,UNKNOWN,0,0,0,0,0,0,
57,320.1099853515625,0.8023999929428101,0,,86,amino_acids.txt,C5H10N2O3,GLU+2,UNKNOWN,0,0,0,0,0,0,UNKNOWN,0,0,0,0,0,0,UNKNOWN,0,0,0,0,0,0,UNKNOWN,0,0,0,0,0,0,UNKNOWN,0,0,0,0,0,0,UNKNOWN,0,0,0,0,0,0,UNKNOWN,0,0,0,0,0,0,UNKNOWN,0,0,0,0,0,0,UNKNOWN,0,0,0,0,0,0,UNKNOWN,0,0,0,0,0,0,UNKNOWN,0,0,0,0,0,0,UNKNOWN,0,0,0,0,0,0,MANUAL,320.1099853515625,0.8023999929428101,16208.0,175705.67331790924,0,1.46750009059906,UNKNOWN,0,0,0,0,0,0,UNKNOWN,0,0,0,0,0,0,UNKNOWN,0,0,0,0,0,0,UNKNOWN,0,0,0,0,0,0,UNKNOWN,0,0,0,0,0,0,
58,321.1099853515625,0.805483341217041,0,,87,amino_acids.txt,C5H10N2O3,GLU+3,UNKNOWN,0,0,0,0,0,0,UNKNOWN,0,0,0,0,0,0,UNKNOWN,0,0,0,0,0,0,UNKNOWN,0,0,0,0,0,0,UNKNOWN,0,0,0,0,0,0,UNKNOWN,0,0,0,0,0,0,UNKNOWN,0,0,0,0,0,0,UNKNOWN,0,0,0,0,0,0,UNKNOWN,0,0,0,0,0,0,UNKNOWN,0,0,0,0,0,0,UNKNOWN,0,0,0,0,0,0,UNKNOWN,0,0,0,0,0,0,MANUAL,321.1099853515625,0.805483341217041,1316.0,7136.286454796791,0,1.4129999876022339,UNKNOWN,0,0,0,0,0,0,UNKNOWN,0,0,0,0,0,0,UNKNOWN,0,0,0,0,0,0,UNKNOWN,0,0,0,0,0,0,UNKNOWN,0,0,0,0,0,0,
59,320.2099914550781,4.638233184814453,1,,78,amino_acids.txt,C5H11N1O2S1,MET+0,UNKNOWN,0,0,0,0,0,0,UNKNOWN,0,0,0,0,0,0,UNKNOWN,0,0,0,0,0,0,UNKNOWN,0,0,0,0,0,0,UNKNOWN,0,0,0,0,0,0,UNKNOWN,0,0,0,0,0,0,UNKNOWN,0,0,0,0,0,0,UNKNOWN,0,0,0,0,0,0,UNKNOWN,0,0,0,0,0,0,UNKNOWN,0,0,0,0,0,0,UNKNOWN,0,0,0,0,0,0,UNKNOWN,0,0,0,0,0,0,UNKNOWN,0,0,0,0,0,0,DETECTED,320.2099914550781,4.638233184814453,571136.0,2189558.9159059525,0,0.27321672439575195,UNKNOWN,0,0,0,0,0,0,UNKNOWN,0,0,0,0,0,0,UNKNOWN,0,0,0,0,0,0,UNKNOWN,0,0,0,0,0,0,
60,321.2099914550781,4.64739990234375,0,,79,amino_acids.txt,C5H11N1O2S1,MET+1,UNKNOWN,0,0,0,0,0,0,UNKNOWN,0,0,0,0,0,0,UNKNOWN,0,0,0,0,0,0,UNKNOWN,0,0,0,0,0,0,UNKNOWN,0,0,0,0,0,0,UNKNOWN,0,0,0,0,0,0,UNKNOWN,0,0,0,0,0,0,UNKNOWN,0,0,0,0,0,0,UNKNOWN,0,0,0,0,0,0,UNKNOWN,0,0,0,0,0,0,UNKNOWN,0,0,0,0,0,0,UNKNOWN,0,0,0,0,0,0,UNKNOWN,0,0,0,0,0,0,MANUAL,321.2099914550781,4.64739990234375,40096.0,144075.30647277832,0,0.2290496826171875,UNKNOWN,0,0,0,0,0,0,UNKNOWN,0,0,0,0,0,0,UNKNOWN,0,0,0,0,0,0,UNKNOWN,0,0,0,0,0,0,
61,322.2099914550781,4.64739990234375,0,,80,amino_acids.txt,C5H11N1O2S1,MET+2,UNKNOWN,0,0,0,0,0,0,UNKNOWN,0,0,0,0,0,0,UNKNOWN,0,0,0,0,0,0,UNKNOWN,0,0,0,0,0,0,UNKNOWN,0,0,0,0,0,0,UNKNOWN,0,0,0,0,0,0,UNKNOWN,0,0,0,0,0,0,UNKNOWN,0,0,0,0,0,0,UNKNOWN,0,0,0,0,0,0,UNKNOWN,0,0,0,0,0,0,UNKNOWN,0,0,0,0,0,0,UNKNOWN,0,0,0,0,0,0,UNKNOWN,0,0,0,0,0,0,MANUAL,322.2099914550781,4.64739990234375,28276.0,102289.50964450836,0,0.23215007781982422,UNKNOWN,0,0,0,0,0,0,UNKNOWN,0,0,0,0,0,0,UNKNOWN,0,0,0,0,0,0,UNKNOWN,0,0,0,0,0,0,
62,323.2099914550781,4.623016834259033,0,,81,amino_acids.txt,C5H11N1O2S1,MET+3,UNKNOWN,0,0,0,0,0,0,UNKNOWN,0,0,0,0,0,0,UNKNOWN,0,0,0,0,0,0,UNKNOWN,0,0,0,0,0,0,UNKNOWN,0,0,0,0,0,0,UNKNOWN,0,0,0,0,0,0,UNKNOWN,0,0,0,0,0,0,UNKNOWN,0,0,0,0,0,0,UNKNOWN,0,0,0,0,0,0,UNKNOWN,0,0,0,0,0,0,UNKNOWN,0,0,0,0,0,0,UNKNOWN,0,0,0,0,0,0,UNKNOWN,0,0,0,0,0,0,MANUAL,323.2099914550781,4.623016834259033,2412.0,3361.6511821746826,0,0.11864995956420898,UNKNOWN,0,0,0,0,0,0,UNKNOWN,0,0,0,0,0,0,UNKNOWN,0,0,0,0,0,0,UNKNOWN,0,0,0,0,0,0,
63,288.2099914550781,4.417583465576172,1,,67,amino_acids.txt,C5H11N1O2,VAL+0,UNKNOWN,0,0,0,0,0,0,UNKNOWN,0,0,0,0,0,0,UNKNOWN,0,0,0,0,0,0,UNKNOWN,0,0,0,0,0,0,UNKNOWN,0,0,0,0,0,0,UNKNOWN,0,0,0,0,0,0,UNKNOWN,0,0,0,0,0,0,UNKNOWN,0,0,0,0,0,0,UNKNOWN,0,0,0,0,0,0,UNKNOWN,0,0,0,0,0,0,UNKNOWN,0,0,0,0,0,0,UNKNOWN,0,0,0,0,0,0,UNKNOWN,0,0,0,0,0,0,UNKNOWN,0,0,0,0,0,0,DETECTED,288.2099914550781,4.417583465576172,1903104.0,8221868.973369598,0,0.3880500793457031,UNKNOWN,0,0,0,0,0,0,UNKNOWN,0,0,0,0,0,0,UNKNOWN,0,0,0,0,0,0,
64,289.2099914550781,4.419099807739258,0,,68,amino_acids.txt,C5H11N1O2,VAL+1,UNKNOWN,0,0,0,0,0,0,UNKNOWN,0,0,0,0,0,0,UNKNOWN,0,0,0,0,0,0,UNKNOWN,0,0,0,0,0,0,UNKNOWN,0,0,0,0,0,0,UNKNOWN,0,0,0,0,0,0,UNKNOWN,0,0,0,0,0,0,UNKNOWN,0,0,0,0,0,0,UNKNOWN,0,0,0,0,0,0,UNKNOWN,0,0,0,0,0,0,UNKNOWN,0,0,0,0,0,0,UNKNOWN,0,0,0,0,0,0,UNKNOWN,0,0,0,0,0,0,UNKNOWN,0,0,0,0,0,0,MANUAL,289.2099914550781,4.419099807739258,129680.0,522722.6748561859,0,0.2830667495727539,UNKNOWN,0,0,0,0,0,0,UNKNOWN,0,0,0,0,0,0,UNKNOWN,0,0,0,0,0,0,
65,290.2099914550781,4.422183513641357,0,,69,amino_acids.txt,C5H11N1O2,VAL+2,UNKNOWN,0,0,0,0,0,0,UNKNOWN,0,0,0,0,0,0,UNKNOWN,0,0,0,0,0,0,UNKNOWN,0,0,0,0,0,0,UNKNOWN,0,0,0,0,0,0,UNKNOWN,0,0,0,0,0,0,UNKNOWN,0,0,0,0,0,0,UNKNOWN,0,0,0,0,0,0,UNKNOWN,0,0,0,0,0,0,UNKNOWN,0,0,0,0,0,0,UNKNOWN,0,0,0,0,0,0,UNKNOWN,0,0,0,0,0,0,UNKNOWN,0,0,0,0,0,0,UNKNOWN,0,0,0,0,0,0,MANUAL,290.2099914550781,4.422183513641357,15416.0,48243.7614440918,0,0.22828340530395508,UNKNOWN,0,0,0,0,0,0,UNKNOWN,0,0,0,0,0,0,UNKNOWN,0,0,0,0,0,0,
66,291.2099914550781,4.409999847412109,0,,70,amino_acids.txt,C5H11N1O2,VAL+3,UNKNOWN,0,0,0,0,0,0,UNKNOWN,0,0,0,0,0,0,UNKNOWN,0,0,0,0,0,0,UNKNOWN,0,0,0,0,0,0,UNKNOWN,0,0,0,0,0,0,UNKNOWN,0,0,0,0,0,0,UNKNOWN,0,0,0,0,0,0,UNKNOWN,0,0,0,0,0,0,UNKNOWN,0,0,0,0,0,0,UNKNOWN,0,0,0,0,0,0,UNKNOWN,0,0,0,0,0,0,UNKNOWN,0,0,0,0,0,0,UNKNOWN,0,0,0,0,0,0,UNKNOWN,0,0,0,0,0,0,MANUAL,291.2099914550781,4.409999847412109,2073.0,1783.1693601608276,0,0.09433317184448242,UNKNOWN,0,0,0,0,0,0,UNKNOWN,0,0,0,0,0,0,UNKNOWN,0,0,0,0,0,0,
67,292.2099914550781,4.603233337402344,0,,71,amino_acids.txt,C5H11N1O2,VAL+4,UNKNOWN,0,0,0,0,0,0,UNKNOWN,0,0,0,0,0,0,UNKNOWN,0,0,0,0,0,0,UNKNOWN,0,0,0,0,0,0,UNKNOWN,0,0,0,0,0,0,UNKNOWN,0,0,0,0,0,0,UNKNOWN,0,0,0,0,0,0,UNKNOWN,0,0,0,0,0,0,UNKNOWN,0,0,0,0,0,0,UNKNOWN,0,0,0,0,0,0,UNKNOWN,0,0,0,0,0,0,UNKNOWN,0,0,0,0,0,0,UNKNOWN,0,0,0,0,0,0,UNKNOWN,0,0,0,0,0,0,MANUAL,292.2099914550781,4.603233337402344,4446.0,3767.9696559906006,0,0.07608318328857422,UNKNOWN,0,0,0,0,0,0,UNKNOWN,0,0,0,0,0,0,UNKNOWN,0,0,0,0,0,0,
68,290.1099853515625,2.773083448410034,1,,73,amino_acids.txt,C4H9N1O3,THR+0,UNKNOWN,0,0,0,0,0,0,UNKNOWN,0,0,0,0,0,0,UNKNOWN,0,0,0,0,0,0,UNKNOWN,0,0,0,0,0,0,UNKNOWN,0,0,0,0,0,0,UNKNOWN,0,0,0,0,0,0,UNKNOWN,0,0,0,0,0,0,UNKNOWN,0,0,0,0,0,0,UNKNOWN,0,0,0,0,0,0,UNKNOWN,0,0,0,0,0,0,UNKNOWN,0,0,0,0,0,0,UNKNOWN,0,0,0,0,0,0,UNKNOWN,0,0,0,0,0,0,UNKNOWN,0,0,0,0,0,0,UNKNOWN,0,0,0,0,0,0,DETECTED,290.1099853515625,2.773083448410034,1735424.0,7474238.848307133,0,0.3235166072845459,UNKNOWN,0,0,0,0,0,0,UNKNOWN,0,0,0,0,0,0,
69,291.1099853515625,2.7639167308807373,0,,74,amino_acids.txt,C4H9N1O3,THR+1,UNKNOWN,0,0,0,0,0,0,UNKNOWN,0,0,0,0,0,0,UNKNOWN,0,0,0,0,0,0,UNKNOWN,0,0,0,0,0,0,UNKNOWN,0,0,0,0,0,0,UNKNOWN,0,0,0,0,0,0,UNKNOWN,0,0,0,0,0,0,UNKNOWN,0,0,0,0,0,0,UNKNOWN,0,0,0,0,0,0,UNKNOWN,0,0,0,0,0,0,UNKNOWN,0,0,0,0,0,0,UNKNOWN,0,0,0,0,0,0,UNKNOWN,0,0,0,0,0,0,UNKNOWN,0,0,0,0,0,0,UNKNOWN,0,0,0,0,0,0,MANUAL,291.1099853515625,2.7639167308807373,98000.0,391914.3411040306,0,0.24263334274291992,UNKNOWN,0,0,0,0,0,0,UNKNOWN,0,0,0,0,0,0,
70,292.1099853515625,2.76651668548584,0,,75,amino_acids.txt,C4H9N1O3,THR+2,UNKNOWN,0,0,0,0,0,0,UNKNOWN,0,0,0,0,0,0,UNKNOWN,0,0,0,0,0,0,UNKNOWN,0,0,0,0,0,0,UNKNOWN,0,0,0,0,0,0,UNKNOWN,0,0,0,0,0,0,UNKNOWN,0,0,0,0,0,0,UNKNOWN,0,0,0,0,0,0,UNKNOWN,0,0,0,0,0,0,UNKNOWN,0,0,0,0,0,0,UNKNOWN,0,0,0,0,0,0,UNKNOWN,0,0,0,0,0,0,UNKNOWN,0,0,0,0,0,0,UNKNOWN,0,0,0,0,0,0,UNKNOWN,0,0,0,0,0,0,MANUAL,292.1099853515625,2.76651668548584,16628.0,50785.26171684265,0,0.18396663665771484,UNKNOWN,0,0,0,0,0,0,UNKNOWN,0,0,0,0,0,0,
71,293.1099853515625,2.7561166286468506,0,,76,amino_acids.txt,C4H9N1O3,THR+3,UNKNOWN,0,0,0,0,0,0,UNKNOWN,0,0,0,0,0,0,UNKNOWN,0,0,0,0,0,0,UNKNOWN,0,0,0,0,0,0,UNKNOWN,0,0,0,0,0,0,UNKNOWN,0,0,0,0,0,0,UNKNOWN,0,0,0,0,0,0,UNKNOWN,0,0,0,0,0,0,UNKNOWN,0,0,0,0,0,0,UNKNOWN,0,0,0,0,0,0,UNKNOWN,0,0,0,0,0,0,UNKNOWN,0,0,0,0,0,0,UNKNOWN,0,0,0,0,0,0,UNKNOWN,0,0,0,0,0,0,UNKNOWN,0,0,0,0,0,0,MANUAL,293.1099853515625,2.7561166286468506,1834.0,1071.938874721527,0,0.0822000503540039,UNKNOWN,0,0,0,0,0,0,UNKNOWN,0,0,0,0,0,0,
72,276.1099853515625,2.131516695022583,1,,62,amino_acids.txt,C3H7N1O3,SER+0,UNKNOWN,0,0,0,0,0,0,UNKNOWN,0,0,0,0,0,0,UNKNOWN,0,0,0,0,0,0,UNKNOWN,0,0,0,0,0,0,UNKNOWN,0,0,0,0,0,0,UNKNOWN,0,0,0,0,0,0,UNKNOWN,0,0,0,0,0,0,UNKNOWN,0,0,0,0,0,0,UNKNOWN,0,0,0,0,0,0,UNKNOWN,0,0,0,0,0,0,UNKNOWN,0,0,0,0,0,0,UNKNOWN,0,0,0,0,0,0,UNKNOWN,0,0,0,0,0,0,UNKNOWN,0,0,0,0,0,0,UNKNOWN,0,0,0,0,0,0,UNKNOWN,0,0,0,0,0,0,DETECTED,276.1099853515625,2.131516695022583,981248.0,5897099.3988204,0,0.37180018424987793,UNKNOWN,0,0,0,0,0,0,
73,277.1099853515625,2.133683443069458,0,,63,amino_acids.txt,C3H7N1O3,SER+1,UNKNOWN,0,0,0,0,0,0,UNKNOWN,0,0,0,0,0,0,UNKNOWN,0,0,0,0,0,0,UNKNOWN,0,0,0,0,0,0,UNKNOWN,0,0,0,0,0,0,UNKNOWN,0,0,0,0,0,0,UNKNOWN,0,0,0,0,0,0,UNKNOWN,0,0,0,0,0,0,UNKNOWN,0,0,0,0,0,0,UNKNOWN,0,0,0,0,0,0,UNKNOWN,0,0,0,0,0,0,UNKNOWN,0,0,0,0,0,0,UNKNOWN,0,0,0,0,0,0,UNKNOWN,0,0,0,0,0,0,UNKNOWN,0,0,0,0,0,0,UNKNOWN,0,0,0,0,0,0,MANUAL,277.1099853515625,2.133683443069458,43472.0,235426.25372171402,0,0.2521500587463379,UNKNOWN,0,0,0,0,0,0,
74,278.1099853515625,2.1478166580200195,0,,64,amino_acids.txt,C3H7N1O3,SER+2,UNKNOWN,0,0,0,0,0,0,UNKNOWN,0,0,0,0,0,0,UNKNOWN,0,0,0,0,0,0,UNKNOWN,0,0,0,0,0,0,UNKNOWN,0,0,0,0,0,0,UNKNOWN,0,0,0,0,0,0,UNKNOWN,0,0,0,0,0,0,UNKNOWN,0,0,0,0,0,0,UNKNOWN,0,0,0,0,0,0,UNKNOWN,0,0,0,0,0,0,UNKNOWN,0,0,0,0,0,0,UNKNOWN,0,0,0,0,0,0,UNKNOWN,0,0,0,0,0,0,UNKNOWN,0,0,0,0,0,0,UNKNOWN,0,0,0,0,0,0,UNKNOWN,0,0,0,0,0,0,MANUAL,278.1099853515625,2.1478166580200195,10404.0,34523.53405237198,0,0.19353342056274414,UNKNOWN,0,0,0,0,0,0,
76,260.1700134277344,2.900733232498169,1,,4,amino_acids.txt,C3H7N1O2,ALA+0,UNKNOWN,0,0,0,0,0,0,UNKNOWN,0,0,0,0,0,0,UNKNOWN,0,0,0,0,0,0,UNKNOWN,0,0,0,0,0,0,UNKNOWN,0,0,0,0,0,0,UNKNOWN,0,0,0,0,0,0,UNKNOWN,0,0,0,0,0,0,UNKNOWN,0,0,0,0,0,0,UNKNOWN,0,0,0,0,0,0,UNKNOWN,0,0,0,0,0,0,UNKNOWN,0,0,0,0,0,0,UNKNOWN,0,0,0,0,0,0,UNKNOWN,0,0,0,0,0,0,UNKNOWN,0,0,0,0,0,0,UNKNOWN,0,0,0,0,0,0,UNKNOWN,0,0,0,0,0,0,UNKNOWN,0,0,0,0,0,0,DETECTED,260.1700134277344,2.900733232498169,2229248.0,1.1300509639463425E7,0,0.35218334197998047,
77,261.1700134277344,2.903549909591675,0,,5,amino_acids.txt,C3H7N1O2,ALA+1,UNKNOWN,0,0,0,0,0,0,UNKNOWN,0,0,0,0,0,0,UNKNOWN,0,0,0,0,0,0,UNKNOWN,0,0,0,0,0,0,UNKNOWN,0,0,0,0,0,0,UNKNOWN,0,0,0,0,0,0,UNKNOWN,0,0,0,0,0,0,UNKNOWN,0,0,0,0,0,0,UNKNOWN,0,0,0,0,0,0,UNKNOWN,0,0,0,0,0,0,UNKNOWN,0,0,0,0,0,0,UNKNOWN,0,0,0,0,0,0,UNKNOWN,0,0,0,0,0,0,UNKNOWN,0,0,0,0,0,0,UNKNOWN,0,0,0,0,0,0,UNKNOWN,0,0,0,0,0,0,UNKNOWN,0,0,0,0,0,0,MANUAL,261.1700134277344,2.903549909591675,108224.0,457349.16590452194,0,0.25209999084472656,
